system:index,GEOID10,Year,ndvi,.geo
00000000000000000126,27003050222,2020,0.6593604819571453,
00000000000000000127,27037060814,2020,0.6167527067178681,
00000000000000000128,27037061108,2020,0.6983753605121542,
00000000000000000129,27037060507,2020,0.640477954317232,
0000000000000000012a,27037060502,2020,0.5731969926940789,
0000000000000000012b,27037060509,2020,0.7011651112393135,
0000000000000000012c,27037060503,2020,0.6253815611209868,
0000000000000000012d,27037060508,2020,0.7092759123099818,
0000000000000000012e,27037060302,2020,0.6080898547333317,
0000000000000000012f,27037060401,2020,0.5418418356765653,
00000000000000000130,27037060402,2020,0.5305715699460297,
00000000000000000131,27037060505,2020,0.7029519709088595,
00000000000000000132,27037060101,2020,0.5879511311973463,
00000000000000000133,27037060102,2020,0.5875883372363268,
00000000000000000134,27037060103,2020,0.6765467154348447,
00000000000000000135,27037060104,2020,0.5771790495942123,
00000000000000000136,27037060105,2020,0.5606984042977654,
00000000000000000137,27003050235,2020,0.7233568338659342,
00000000000000000138,27003050234,2020,0.739270870335658,
00000000000000000139,27003050229,2020,0.6902151327610947,
0000000000000000013a,27003050710,2020,0.5413931090102788,
0000000000000000013b,27003050709,2020,0.655468387543498,
0000000000000000013c,27003050711,2020,0.6894386876279502,
0000000000000000013d,27037060506,2020,0.6180488160721201,
0000000000000000013e,27037060603,2020,0.7025523690927222,
0000000000000000013f,27037060729,2020,0.6483773176027431,
00000000000000000140,27037060727,2020,0.5720519050849435,
00000000000000000141,27037060735,2020,0.6084774860039571,
00000000000000000142,27037060725,2020,0.6669372797310054,
00000000000000000143,27003050610,2020,0.5859693787896229,
00000000000000000144,27003050816,2020,0.650061191091852,
00000000000000000145,27003050821,2020,0.5958951013275176,
00000000000000000146,27003050401,2020,0.5449222765027569,
00000000000000000147,27003050819,2020,0.7096397745880213,
00000000000000000148,27003050820,2020,0.630887552773926,
00000000000000000149,27003050818,2020,0.6815124558980739,
0000000000000000014a,27019090200,2020,0.7893248473634975,
0000000000000000014b,27019091100,2020,0.77837081733629,
0000000000000000014c,27037060738,2020,0.6495803470711227,
0000000000000000014d,27037060742,2020,0.6638440021147902,
0000000000000000014e,27037061004,2020,0.652551717378817,
0000000000000000014f,27037061005,2020,0.6212964617688962,
00000000000000000150,27037061007,2020,0.5603467908463051,
00000000000000000151,27037060817,2020,0.5911723831342759,
00000000000000000152,27037060819,2020,0.6358166214370046,
00000000000000000153,27037060818,2020,0.6374858058070945,
00000000000000000154,27037060902,2020,0.7179906907251076,
00000000000000000155,27003050402,2020,0.631760715425874,
00000000000000000156,27003050237,2020,0.7108156605987374,
00000000000000000157,27003050236,2020,0.7108814987013835,
00000000000000000158,27003051600,2020,0.7273742993512321,
00000000000000000159,27019090701,2020,0.6403283510633965,
0000000000000000015a,27019090402,2020,0.7170609643362945,
0000000000000000015b,27019090800,2020,0.6931390314621181,
0000000000000000015c,27019090401,2020,0.7490182326594214,
0000000000000000015d,27019090702,2020,0.7348396576052104,
0000000000000000015e,27019090900,2020,0.640891555073334,
0000000000000000015f,27037061501,2020,0.7889476008765696,
00000000000000000160,27037060748,2020,0.6498013499436602,
00000000000000000161,27037060750,2020,0.6226885008590518,
00000000000000000162,27037060744,2020,0.6142754863317542,
00000000000000000163,27037060743,2020,0.6059090094901542,
00000000000000000164,27037060745,2020,0.4956244927396121,
00000000000000000165,27037060746,2020,0.6407045461160396,
00000000000000000166,27037060907,2020,0.7181247139549095,
00000000000000000167,27019090503,2020,0.7037485090427654,
00000000000000000168,27019090302,2020,0.7405874645797896,
00000000000000000169,27019090502,2020,0.6724511249025673,
0000000000000000016a,27019090501,2020,0.7155427748800965,
0000000000000000016b,27019091201,2020,0.7798095135403053,
0000000000000000016c,27019091202,2020,0.8025440287870194,
0000000000000000016d,27037060905,2020,0.7555787914560856,
0000000000000000016e,27037060906,2020,0.7731447110622615,
0000000000000000016f,27037061008,2020,0.5665425962797909,
00000000000000000170,27037060829,2020,0.4445099479008249,
00000000000000000171,27037061009,2020,0.6346659241560566,
00000000000000000172,27037060904,2020,0.6963765766396643,
00000000000000000173,27037060747,2020,0.6295093944313275,
00000000000000000174,27037060749,2020,0.615640262281131,
00000000000000000175,27037060828,2020,0.41037659655786546,
00000000000000000176,27019091000,2020,0.6696219092811624,
00000000000000000177,27019090301,2020,0.7462924188179245,
00000000000000000178,27019090100,2020,0.7652184565169087,
00000000000000000179,27019090601,2020,0.6190114632648476,
0000000000000000017a,27019090602,2020,0.7225927747022639,
0000000000000000017b,27003050219,2020,0.6934215767349802,
0000000000000000017c,27003050230,2020,0.7252602234588306,
0000000000000000017d,27003050216,2020,0.7570661544447355,
0000000000000000017e,27003050220,2020,0.6900617269714914,
0000000000000000017f,27003050208,2020,0.6190755072226116,
00000000000000000180,27003050707,2020,0.6612632822685753,
00000000000000000181,27003050226,2020,0.6421318158278903,
00000000000000000182,27003050218,2020,0.7298355576633516,
00000000000000000183,27003050107,2020,0.7447313240710393,
00000000000000000184,27003050501,2020,0.5146244087116117,
00000000000000000185,27037060714,2020,0.6952436691844368,
00000000000000000186,27003050504,2020,0.5045240633119734,
00000000000000000187,27003050114,2020,0.715361707216498,
00000000000000000188,27003050805,2020,0.6484081431350189,
00000000000000000189,27003050806,2020,0.609389801014217,
0000000000000000018a,27003050807,2020,0.632381799777295,
0000000000000000018b,27003050808,2020,0.589440949617869,
0000000000000000018c,27003050809,2020,0.6227688605142545,
0000000000000000018d,27003050810,2020,0.6195647212722827,
0000000000000000018e,27003050811,2020,0.5674672671007136,
0000000000000000018f,27003050813,2020,0.6003483489438548,
00000000000000000190,27003050901,2020,0.5944939978152411,
00000000000000000191,27003050223,2020,0.685585438186687,
00000000000000000192,27003050108,2020,0.6912631593173701,
00000000000000000193,27003050902,2020,0.6736855193656951,
00000000000000000194,27003051203,2020,0.6124596398744766,
00000000000000000195,27003050116,2020,0.7491300559023755,
00000000000000000196,27003051302,2020,0.5824712941284196,
00000000000000000197,27003051304,2020,0.5378673593047952,
00000000000000000198,27003051400,2020,0.49884348911017684,
00000000000000000199,27003051501,2020,0.5027621865450498,
0000000000000000019a,27003051502,2020,0.6124818886813603,
0000000000000000019b,27003050210,2020,0.7132394788338977,
0000000000000000019c,27003050602,2020,0.5802015904126854,
0000000000000000019d,27037060826,2020,0.5692741894853088,
0000000000000000019e,27037061003,2020,0.7109099636922298,
0000000000000000019f,27003050605,2020,0.6434031795869996,
000000000000000001a0,27003050606,2020,0.6732767719956514,
000000000000000001a1,27003050607,2020,0.6061584120140137,
000000000000000001a2,27003050608,2020,0.6245522201526434,
000000000000000001a3,27003050702,2020,0.6281914117898472,
000000000000000001a4,27003050704,2020,0.5965074267125525,
000000000000000001a5,27037060825,2020,0.6742024745552815,
000000000000000001a6,27037060823,2020,0.5595282126852223,
000000000000000001a7,27037060824,2020,0.6049672504652036,
000000000000000001a8,27037060805,2020,0.6577186448157727,
000000000000000001a9,27037060806,2020,0.6791450278338188,
000000000000000001aa,27037060811,2020,0.5926775723292623,
000000000000000001ab,27037060822,2020,0.6884160118458843,
000000000000000001ac,27037060812,2020,0.5882564166032778,
000000000000000001ad,27037060739,2020,0.6703787839448319,
000000000000000001ae,27003050712,2020,0.6664996143212615,
000000000000000001af,27003050706,2020,0.5775584006529431,
000000000000000001b0,27003050609,2020,0.5163296961227707,
000000000000000001b1,27003050224,2020,0.713803336524729,
000000000000000001b2,27003051002,2020,0.5664762341583915,
000000000000000001b3,27003051101,2020,0.5504148591554455,
000000000000000001b4,27003051102,2020,0.5502900080607176,
000000000000000001b5,27003051103,2020,0.5478632793725823,
000000000000000001b6,27037060741,2020,0.610385925512508,
000000000000000001b7,27037060709,2020,0.6610676784042193,
000000000000000001b8,27037060710,2020,0.5628072029280901,
000000000000000001b9,27037060711,2020,0.552439859010265,
000000000000000001ba,27037060713,2020,0.6692892503910772,
000000000000000001bb,27037061502,2020,0.792001830776126,
000000000000000001bc,27037061402,2020,0.7941701034369689,
000000000000000001bd,27037061001,2020,0.777996228375433,
000000000000000001be,27037060731,2020,0.7312221634577002,
000000000000000001bf,27037060737,2020,0.6123873645224893,
000000000000000001c0,27003051201,2020,0.4927726074974425,
000000000000000001c1,27003051202,2020,0.5512347575265624,
000000000000000001c2,27003051206,2020,0.4037635856984289,
000000000000000001c3,27003051305,2020,0.5249629705816853,
000000000000000001c4,27003050109,2020,0.7078955431345695,
000000000000000001c5,27003050233,2020,0.6991730694636794,
000000000000000001c6,27003050215,2020,0.7081369347955787,
000000000000000001c7,27037060716,2020,0.6528973885079802,
000000000000000001c8,27037060717,2020,0.4955322248456789,
000000000000000001c9,27037060733,2020,0.6451571020831307,
000000000000000001ca,27037060730,2020,0.6624574361997652,
000000000000000001cb,27037060732,2020,0.6565961027551912,
000000000000000001cc,27037060726,2020,0.5517551077823161,
000000000000000001cd,27037060734,2020,0.6952547074075226,
000000000000000001ce,27037060721,2020,0.5551575886708573,
000000000000000001cf,27037060813,2020,0.6832863699202346,
000000000000000001d0,27037060815,2020,0.6489681289696233,
000000000000000001d1,27037060820,2020,0.688031435755849,
000000000000000001d2,27037060821,2020,0.6087149457195012,
000000000000000001d3,27037060606,2020,0.6801794854270756,
000000000000000001d4,27037060728,2020,0.628788105176697,
000000000000000001d5,27139080202,2020,0.6138897192148153,
000000000000000001d6,27139080204,2020,0.5855219689896994,
000000000000000001d7,27139080100,2020,0.5956189299739562,
000000000000000001d8,27139080302,2020,0.6693146272066218,
000000000000000001d9,27139080400,2020,0.5956579706775302,
000000000000000001da,27139080500,2020,0.586455219278687,
000000000000000001db,27123042401,2020,0.5653073120221529,
000000000000000001dc,27123040302,2020,0.6297096258852526,
000000000000000001dd,27123041602,2020,0.6420766717364779,
000000000000000001de,27123030300,2020,0.5936843438444419,
000000000000000001df,27123031100,2020,0.582694428559484,
000000000000000001e0,27123042102,2020,0.649185977591482,
000000000000000001e1,27123040200,2020,0.6378851655035362,
000000000000000001e2,27123041700,2020,0.65675890323763,
000000000000000001e3,27139080600,2020,0.5869616554492957,
00000000000000000000,27053026816,2020,0.5321185019200543,
00000000000000000001,27053026818,2020,0.54452095019383,
00000000000000000002,27053025907,2020,0.6537720640631144,
00000000000000000003,27053005902,2020,0.3889506822131606,
00000000000000000004,27053026903,2020,0.6506235042572297,
00000000000000000005,27053104800,2020,0.43990854413450414,
00000000000000000006,27053026404,2020,0.6580872257243265,
00000000000000000007,27053026402,2020,0.6184651547617703,
00000000000000000008,27053027300,2020,0.661562469921133,
00000000000000000009,27053027203,2020,0.6858037622665176,
0000000000000000000a,27053027700,2020,0.7279152596553787,
0000000000000000000b,27053027601,2020,0.630833786516272,
0000000000000000000c,27053027602,2020,0.6408309336146187,
0000000000000000000d,27053021501,2020,0.6127977858355145,
0000000000000000000e,27053026907,2020,0.6509541659525077,
0000000000000000000f,27053026906,2020,0.6236395774183731,
00000000000000000010,27053027102,2020,0.7531950737052722,
00000000000000000011,27053020700,2020,0.5524463274175768,
00000000000000000012,27053020801,2020,0.5678275923176759,
00000000000000000013,27053020903,2020,0.5765211468107985,
00000000000000000014,27053020804,2020,0.5171032933179533,
00000000000000000015,27053020902,2020,0.6304638071269401,
00000000000000000016,27053021001,2020,0.5968472188415631,
00000000000000000017,27053021503,2020,0.5421743686657187,
00000000000000000018,27053021505,2020,0.5706521427057533,
00000000000000000019,27053026702,2020,0.44585459192803667,
0000000000000000001a,27053026505,2020,0.6718776258435746,
0000000000000000001b,27053026514,2020,0.4629353372172553,
0000000000000000001c,27053026509,2020,0.6275821286643809,
0000000000000000001d,27053026510,2020,0.5777253671974234,
0000000000000000001e,27053026511,2020,0.6195300812610647,
0000000000000000001f,27053026605,2020,0.6083969220961355,
00000000000000000020,27053026611,2020,0.5994900012651196,
00000000000000000021,27053026606,2020,0.701677368814983,
00000000000000000022,27053021002,2020,0.645475717175067,
00000000000000000023,27053105204,2020,0.24494212906908355,
00000000000000000024,27053105201,2020,0.3929220199513296,
00000000000000000025,27053026021,2020,0.6643891348207922,
00000000000000000026,27053026022,2020,0.6678668645341541,
00000000000000000027,27053026019,2020,0.5084200483663441,
00000000000000000028,27053024005,2020,0.3139141607697111,
00000000000000000029,27053026104,2020,0.576139285926302,
0000000000000000002a,27053024006,2020,0.6066134445982815,
0000000000000000002b,27053026609,2020,0.6651128909537318,
0000000000000000002c,27053024100,2020,0.5382551974116688,
0000000000000000002d,27053024200,2020,0.635761788719852,
0000000000000000002e,27053024300,2020,0.5425727895449507,
0000000000000000002f,27053026819,2020,0.5485151764076784,
00000000000000000030,27053024400,2020,0.48686565056619246,
00000000000000000031,27053024500,2020,0.603996610603954,
00000000000000000032,27053024600,2020,0.5260385593508231,
00000000000000000033,27053024700,2020,0.6025290667118463,
00000000000000000034,27053024801,2020,0.5789639203531022,
00000000000000000035,27053024802,2020,0.536459068786262,
00000000000000000036,27053024902,2020,0.5604258119689546,
00000000000000000037,27053026020,2020,0.6012215365489701,
00000000000000000038,27053026613,2020,0.6359445115091826,
00000000000000000039,27053026612,2020,0.6284293972593421,
0000000000000000003a,27053026823,2020,0.5789328405293499,
0000000000000000003b,27053026822,2020,0.6445463030453885,
0000000000000000003c,27053026103,2020,0.6520665333657143,
0000000000000000003d,27053125900,2020,0.4705357229521561,
0000000000000000003e,27053024903,2020,0.5242891805062204,
0000000000000000003f,27053021200,2020,0.5926389102590024,
00000000000000000040,27053024004,2020,0.3988399486010064,
00000000000000000041,27053021400,2020,0.5863293981726341,
00000000000000000042,27053020101,2020,0.5889683767422428,
00000000000000000043,27053020102,2020,0.6126518154296164,
00000000000000000044,27053022000,2020,0.43680381764974435,
00000000000000000045,27053022101,2020,0.5427370545507608,
00000000000000000046,27053022102,2020,0.5949977225760077,
00000000000000000047,27053022200,2020,0.653264368841446,
00000000000000000048,27053022302,2020,0.49345543362740873,
00000000000000000049,27053022400,2020,0.569137014311723,
0000000000000000004a,27053126000,2020,0.38787068865501717,
0000000000000000004b,27053125800,2020,0.4456560283815279,
0000000000000000004c,27053125700,2020,0.52733154368866,
0000000000000000004d,27053125600,2020,0.46797252029999326,
0000000000000000004e,27053126200,2020,0.266692464150289,
0000000000000000004f,27053126100,2020,0.25526677438874323,
00000000000000000050,27053021100,2020,0.5578295369366043,
00000000000000000051,27053021300,2020,0.4823222431877044,
00000000000000000052,27053021502,2020,0.47985921131501535,
00000000000000000053,27053021504,2020,0.613843651754403,
00000000000000000054,27053021602,2020,0.5692859696257112,
00000000000000000055,27053026908,2020,0.602440592526422,
00000000000000000056,27053027400,2020,0.7280240767630319,
00000000000000000057,27053027501,2020,0.6414812453846281,
00000000000000000058,27053026820,2020,0.607458213387675,
00000000000000000059,27053125500,2020,0.4562184474369757,
0000000000000000005a,27053122600,2020,0.5183898230419912,
0000000000000000005b,27053022700,2020,0.5753668605339224,
0000000000000000005c,27053026014,2020,0.6307389947693769,
0000000000000000005d,27053022801,2020,0.6361786630459613,
0000000000000000005e,27053022802,2020,0.5200277549554121,
0000000000000000005f,27053022901,2020,0.48583248374444127,
00000000000000000060,27053022902,2020,0.6170431027950798,
00000000000000000061,27053024003,2020,0.5255236416264293,
00000000000000000062,27053026005,2020,0.6902212962988225,
00000000000000000063,27053026006,2020,0.6449567801597502,
00000000000000000064,27053026007,2020,0.5681237287509472,
00000000000000000065,27053026018,2020,0.694987776648886,
00000000000000000066,27053026015,2020,0.6367510845657193,
00000000000000000067,27053023100,2020,0.6452962977298141,
00000000000000000068,27053023400,2020,0.5424335182278274,
00000000000000000069,27053023501,2020,0.6719909959672972,
0000000000000000006a,27053023000,2020,0.5336524389353773,
0000000000000000006b,27053100200,2020,0.5498998930268854,
0000000000000000006c,27053027503,2020,0.7106249798159665,
0000000000000000006d,27053026909,2020,0.6966686296467693,
0000000000000000006e,27053026910,2020,0.74874035334425,
0000000000000000006f,27053027002,2020,0.7449298982463927,
00000000000000000070,27053027504,2020,0.7275250000925878,
00000000000000000071,27053026016,2020,0.6532099571225432,
00000000000000000072,27053101900,2020,0.5036807744858386,
00000000000000000073,27053105700,2020,0.31198091263954064,
00000000000000000074,27053106400,2020,0.559410524854104,
00000000000000000075,27053106700,2020,0.42249158821077204,
00000000000000000076,27053106900,2020,0.4254308306565488,
00000000000000000077,27053103000,2020,0.4946674308191395,
00000000000000000078,27053023502,2020,0.6571516074941784,
00000000000000000079,27053023600,2020,0.641442013788432,
0000000000000000007a,27053023700,2020,0.644922327748478,
0000000000000000007b,27053023801,2020,0.6037140485474423,
0000000000000000007c,27053023802,2020,0.5998333768661784,
0000000000000000007d,27053023901,2020,0.6502556247735614,
0000000000000000007e,27053023902,2020,0.6601532257196424,
0000000000000000007f,27053103100,2020,0.4870302550258591,
00000000000000000080,27053103600,2020,0.4539332573446761,
00000000000000000081,27053002200,2020,0.5287786467956901,
00000000000000000082,27053103900,2020,0.3328451415885215,
00000000000000000083,27053104000,2020,0.3550459350314984,
00000000000000000084,27053002400,2020,0.46996679652637335,
00000000000000000085,27053104100,2020,0.5158206674354637,
00000000000000000086,27053103700,2020,0.40451465122574337,
00000000000000000087,27053002700,2020,0.5326139366693203,
00000000000000000088,27053104400,2020,0.1845978786241185,
00000000000000000089,27053103400,2020,0.413994226022651,
0000000000000000008a,27053003200,2020,0.5926263087666407,
0000000000000000008b,27053024901,2020,0.512610586362023,
0000000000000000008c,27053021601,2020,0.5811442076533073,
0000000000000000008d,27053021700,2020,0.6775590312066492,
0000000000000000008e,27053021800,2020,0.6345447009529013,
0000000000000000008f,27053021900,2020,0.5786881951348826,
00000000000000000090,27053027001,2020,0.7506545795770769,
00000000000000000091,27053023200,2020,0.5989411754117445,
00000000000000000092,27053023300,2020,0.4709293287296233,
00000000000000000093,27053003300,2020,0.5269856138386657,
00000000000000000094,27053105100,2020,0.614802848429004,
00000000000000000095,27053104900,2020,0.39659201340072764,
00000000000000000096,27053003800,2020,0.4137543259189174,
00000000000000000097,27053105600,2020,0.4036663360700597,
00000000000000000098,27053106200,2020,0.43997074869589364,
00000000000000000099,27053105400,2020,0.24562973049503933,
0000000000000000009a,27053108700,2020,0.5082847245931983,
0000000000000000009b,27053110900,2020,0.5233076888037113,
0000000000000000009c,27053109800,2020,0.5767776727210102,
0000000000000000009d,27053027201,2020,0.7305990332983117,
0000000000000000009e,27053027202,2020,0.6000083603214375,
0000000000000000009f,27053027101,2020,0.7326260052430574,
000000000000000000a0,27053026508,2020,0.608618094917509,
000000000000000000a1,27053026706,2020,0.6948165802784522,
000000000000000000a2,27053026707,2020,0.6809625911071502,
000000000000000000a3,27053122500,2020,0.5720176295279341,
000000000000000000a4,27053111600,2020,0.6074535501399337,
000000000000000000a5,27053105500,2020,0.5061579530822803,
000000000000000000a6,27053005901,2020,0.3642762663741966,
000000000000000000a7,27053106000,2020,0.41829765395023205,
000000000000000000a8,27053106600,2020,0.5008384408416903,
000000000000000000a9,27053106500,2020,0.6280277127132694,
000000000000000000aa,27053006800,2020,0.4436819233888589,
000000000000000000ab,27053107500,2020,0.47030415404948744,
000000000000000000ac,27053026708,2020,0.6365447065813544,
000000000000000000ad,27053026710,2020,0.45144252918295136,
000000000000000000ae,27053026711,2020,0.6159720836263305,
000000000000000000af,27053026712,2020,0.6039003888451452,
000000000000000000b0,27053026713,2020,0.6422323219410006,
000000000000000000b1,27053107600,2020,0.6107821434309454,
000000000000000000b2,27053108600,2020,0.5118111653374731,
000000000000000000b3,27053108000,2020,0.4753648700881781,
000000000000000000b4,27053007700,2020,0.3112992020881462,
000000000000000000b5,27053007801,2020,0.35739290290239994,
000000000000000000b6,27053008100,2020,0.4586482304467598,
000000000000000000b7,27053008200,2020,0.4265544455976632,
000000000000000000b8,27053008300,2020,0.393217798831487,
000000000000000000b9,27053008400,2020,0.4661399792993254,
000000000000000000ba,27053008500,2020,0.5330258719469009,
000000000000000000bb,27053108900,2020,0.5623198271156327,
000000000000000000bc,27053109000,2020,0.6310036351522299,
000000000000000000bd,27053109100,2020,0.6177241425393405,
000000000000000000be,27053109200,2020,0.4754177540458171,
000000000000000000bf,27053109300,2020,0.49763671083181077,
000000000000000000c0,27053026507,2020,0.6163597986957412,
000000000000000000c1,27053026512,2020,0.6485069794132272,
000000000000000000c2,27053000101,2020,0.486857117198712,
000000000000000000c3,27053000102,2020,0.5148871299217402,
000000000000000000c4,27053100500,2020,0.4054630898893064,
000000000000000000c5,27053100400,2020,0.5319628064332713,
000000000000000000c6,27053100700,2020,0.5702310878717016,
000000000000000000c7,27053000300,2020,0.5373658779486787,
000000000000000000c8,27053108800,2020,0.46396816107893896,
000000000000000000c9,27053109700,2020,0.516866388319446,
000000000000000000ca,27053109400,2020,0.4573572689669717,
000000000000000000cb,27053009500,2020,0.49265504757663403,
000000000000000000cc,27053009600,2020,0.5279021067874488,
000000000000000000cd,27053100900,2020,0.4975625202318817,
000000000000000000ce,27053111100,2020,0.6334898163402229,
000000000000000000cf,27053107000,2020,0.4212583112574014,
000000000000000000d0,27053107400,2020,0.458988350304274,
000000000000000000d1,27053100800,2020,0.5787807524299962,
000000000000000000d2,27053023903,2020,0.5408859703242769,
000000000000000000d3,27053980000,2020,0.4561139346186403,
000000000000000000d4,27053101200,2020,0.5455818126135524,
000000000000000000d5,27053000603,2020,0.5660517996075347,
000000000000000000d6,27053000601,2020,0.5311361853105565,
000000000000000000d7,27053101300,2020,0.5327456220925075,
000000000000000000d8,27053101600,2020,0.44718362154452523,
000000000000000000d9,27053001100,2020,0.5550489199004748,
000000000000000000da,27053102000,2020,0.6022379999159123,
000000000000000000db,27053102500,2020,0.4098156363781276,
000000000000000000dc,27053102100,2020,0.5327464076429108,
000000000000000000dd,27053001700,2020,0.48084125117291615,
000000000000000000de,27053102300,2020,0.3690034843217189,
000000000000000000df,27053102600,2020,0.4990127422880945,
000000000000000000e0,27053025100,2020,0.6262233184518404,
000000000000000000e1,27053025201,2020,0.5246502051140801,
000000000000000000e2,27053025205,2020,0.6148949762390193,
000000000000000000e3,27053025301,2020,0.7251120471335282,
000000000000000000e4,27053026610,2020,0.6583428982870895,
000000000000000000e5,27053025302,2020,0.6099911415883197,
000000000000000000e6,27053025401,2020,0.5369307151941731,
000000000000000000e7,27053025403,2020,0.5692456343323767,
000000000000000000e8,27053101800,2020,0.4568268205838874,
000000000000000000e9,27053102800,2020,0.5490864315844399,
000000000000000000ea,27053102900,2020,0.4790850130300513,
000000000000000000eb,27053110000,2020,0.5124468178986715,
000000000000000000ec,27053109900,2020,0.6244155199799307,
000000000000000000ed,27053110100,2020,0.5268047701840124,
000000000000000000ee,27053110200,2020,0.5258083151532065,
000000000000000000ef,27053110500,2020,0.5919009378141499,
000000000000000000f0,27053110800,2020,0.5314723548797092,
000000000000000000f1,27053110400,2020,0.5089191829576224,
000000000000000000f2,27053010600,2020,0.6035015158348714,
000000000000000000f3,27053026714,2020,0.6659308818552043,
000000000000000000f4,27053025601,2020,0.49280620232692446,
000000000000000000f5,27053026715,2020,0.6453670082198864,
000000000000000000f6,27053025603,2020,0.5735301790909276,
000000000000000000f7,27053025605,2020,0.5505770166667582,
000000000000000000f8,27053025701,2020,0.636418966348141,
000000000000000000f9,27053025702,2020,0.595833331908056,
000000000000000000fa,27053025801,2020,0.6321056888736178,
000000000000000000fb,27053025802,2020,0.7005224270215465,
000000000000000000fc,27053026716,2020,0.6851002110856163,
000000000000000000fd,27053025803,2020,0.6004848876918174,
000000000000000000fe,27053025805,2020,0.7233296750926099,
000000000000000000ff,27053010700,2020,0.5919485316060195,
00000000000000000100,27053111200,2020,0.5562958568073769,
00000000000000000101,27053111300,2020,0.5916393643871597,
00000000000000000102,27053011000,2020,0.5696516476448725,
00000000000000000103,27053111400,2020,0.596890160396954,
00000000000000000104,27053111500,2020,0.5790431637061468,
00000000000000000105,27053011703,2020,0.6001293816292749,
00000000000000000106,27053011704,2020,0.589377023972114,
00000000000000000107,27053011800,2020,0.6095681249990299,
00000000000000000108,27053011998,2020,0.5808199725851609,
00000000000000000109,27053012003,2020,0.48688774652500144,
0000000000000000010a,27053025903,2020,0.6243259057576193,
0000000000000000010b,27053026013,2020,0.6948742038787497,
0000000000000000010c,27053025906,2020,0.6960236560698996,
0000000000000000010d,27053025905,2020,0.669075594072576,
0000000000000000010e,27053020200,2020,0.5061048038318416,
0000000000000000010f,27053020301,2020,0.5639677206423845,
00000000000000000110,27003050115,2020,0.7126263382134937,
00000000000000000111,27003050232,2020,0.6648360263480052,
00000000000000000112,27003050111,2020,0.7181254352117227,
00000000000000000113,27003050225,2020,0.7145042509112051,
00000000000000000114,27003050227,2020,0.6055308413510403,
00000000000000000115,27003050228,2020,0.6082820445316334,
00000000000000000116,27003051001,2020,0.5113064963602367,
00000000000000000117,27037061401,2020,0.7800082041237594,
00000000000000000118,27037061102,2020,0.6806358337182792,
00000000000000000119,27037061107,2020,0.7370376531435361,
0000000000000000011a,27037061106,2020,0.5896095588510644,
0000000000000000011b,27037061105,2020,0.581576115383055,
0000000000000000011c,27037060604,2020,0.667460903937891,
0000000000000000011d,27037060605,2020,0.6272219706952791,
0000000000000000011e,27037060816,2020,0.6674601760404586,
0000000000000000011f,27037060201,2020,0.6624070659894326,
00000000000000000120,27037060202,2020,0.6026116155437036,
00000000000000000121,27037060301,2020,0.4275604074760095,
00000000000000000122,27003050505,2020,0.6173856839360496,
00000000000000000123,27003050110,2020,0.7209475713885527,
00000000000000000124,27003050217,2020,0.7251860480954021,
00000000000000000125,27003050221,2020,0.6832094144805706,
000000000000000001e4,27139080903,2020,0.703361297002638,
000000000000000001e5,27139080904,2020,0.6300042945413127,
000000000000000001e6,27139080906,2020,0.6652983579254113,
000000000000000001e7,27139080905,2020,0.6845864170767431,
000000000000000001e8,27123041500,2020,0.6496840739094244,
000000000000000001e9,27123042301,2020,0.6194754229076028,
000000000000000001ea,27123041601,2020,0.6413315403927775,
000000000000000001eb,27123042302,2020,0.6515974888787303,
000000000000000001ec,27123031500,2020,0.5224271913193013,
000000000000000001ed,27123032100,2020,0.4846812991635426,
000000000000000001ee,27123032200,2020,0.5510394143795911,
000000000000000001ef,27123037200,2020,0.6094989332339807,
000000000000000001f0,27123031000,2020,0.5076986710855821,
000000000000000001f1,27123031801,2020,0.5836947417347764,
000000000000000001f2,27123030900,2020,0.5660565118205824,
000000000000000001f3,27123042602,2020,0.5793879262641914,
000000000000000001f4,27123040402,2020,0.6251682310974401,
000000000000000001f5,27123031802,2020,0.5655840431349412,
000000000000000001f6,27123037403,2020,0.7136747083806222,
000000000000000001f7,27123033300,2020,0.5798043854710961,
000000000000000001f8,27123037402,2020,0.6732319558208371,
000000000000000001f9,27123030702,2020,0.6394048583358014,
000000000000000001fa,27123041106,2020,0.627104130662278,
000000000000000001fb,27139081300,2020,0.7869977296715283,
000000000000000001fc,27139081100,2020,0.7581647211801524,
000000000000000001fd,27139080203,2020,0.6460562663029596,
000000000000000001fe,27139081000,2020,0.75513631712664,
000000000000000001ff,27139080205,2020,0.6774617275722454,
00000000000000000200,27139081200,2020,0.7850808388544703,
00000000000000000201,27139080700,2020,0.6983166801097093,
00000000000000000202,27139080800,2020,0.7629797631703721,
00000000000000000203,27139080301,2020,0.5630813382034822,
00000000000000000204,27139080201,2020,0.6631941863592951,
00000000000000000205,27123041400,2020,0.5759674826377031,
00000000000000000206,27123041104,2020,0.6126496916179627,
00000000000000000207,27123980000,2020,0.5750395472983615,
00000000000000000208,27123040705,2020,0.6479091612990923,
00000000000000000209,27123041302,2020,0.42976120332107093,
0000000000000000020a,27123035800,2020,0.5951329891632122,
0000000000000000020b,27123040803,2020,0.6303801527513383,
0000000000000000020c,27123042402,2020,0.6449836938321049,
0000000000000000020d,27123041001,2020,0.6721960898822278,
0000000000000000020e,27123037000,2020,0.6670568066358149,
0000000000000000020f,27123036100,2020,0.44589679881787303,
00000000000000000210,27123037601,2020,0.5764544729223725,
00000000000000000211,27123041105,2020,0.6151011841409724,
00000000000000000212,27123040601,2020,0.7334485695778908,
00000000000000000213,27123040604,2020,0.6257585400496544,
00000000000000000214,27123031600,2020,0.5426094626465775,
00000000000000000215,27123034702,2020,0.5587042842272109,
00000000000000000216,27123033000,2020,0.4022159350263035,
00000000000000000217,27123041800,2020,0.5319775073930035,
00000000000000000218,27123042501,2020,0.5843206959651387,
00000000000000000219,27123041103,2020,0.527546852808249,
0000000000000000021a,27123041107,2020,0.5264355883523191,
0000000000000000021b,27123034900,2020,0.5647764291948201,
0000000000000000021c,27123042002,2020,0.5412856368421156,
0000000000000000021d,27123035200,2020,0.5758944846520743,
0000000000000000021e,27123035300,2020,0.5771580151069261,
0000000000000000021f,27123030602,2020,0.6314996712058435,
00000000000000000220,27123033100,2020,0.4569338099197981,
00000000000000000221,27123033200,2020,0.3600550205715764,
00000000000000000222,27123042001,2020,0.5520005040322916,
00000000000000000223,27123042202,2020,0.6451682210606035,
00000000000000000224,27123040502,2020,0.6095497326344193,
00000000000000000225,27123030400,2020,0.578557743727541,
00000000000000000226,27123036300,2020,0.5826000696078889,
00000000000000000227,27123030800,2020,0.5579817024830757,
00000000000000000228,27123036600,2020,0.6282753563534003,
00000000000000000229,27123032400,2020,0.5105992505668882,
0000000000000000022a,27123032300,2020,0.5226098251667483,
0000000000000000022b,27123031300,2020,0.4385865168163832,
0000000000000000022c,27123036000,2020,0.4911054226976995,
0000000000000000022d,27123042700,2020,0.6079805156557432,
0000000000000000022e,27123030703,2020,0.5797891005663454,
0000000000000000022f,27123030500,2020,0.5092346336101016,
00000000000000000230,27123034602,2020,0.5798246991426723,
00000000000000000231,27123035500,2020,0.5526374775084254,
00000000000000000232,27123033700,2020,0.3865109019978235,
00000000000000000233,27123030704,2020,0.6074924616400191,
00000000000000000234,27123032500,2020,0.5030803159225224,
00000000000000000235,27123033900,2020,0.5261321992516863,
00000000000000000236,27123033600,2020,0.4644475713898181,
00000000000000000237,27123034701,2020,0.5327957496750731,
00000000000000000238,27123035900,2020,0.38342104935001525,
00000000000000000239,27123033400,2020,0.37764910636217697,
0000000000000000023a,27123031200,2020,0.6038799402752117,
0000000000000000023b,27123032600,2020,0.4754880030628285,
0000000000000000023c,27123037500,2020,0.6367989183948183,
0000000000000000023d,27123032700,2020,0.4461173096029324,
0000000000000000023e,27123034601,2020,0.6261929048343263,
0000000000000000023f,27123033500,2020,0.4746899916948252,
00000000000000000240,27123042201,2020,0.5949588847805575,
00000000000000000241,27123036900,2020,0.4978259262178318,
00000000000000000242,27123034000,2020,0.4725393986766618,
00000000000000000243,27123034500,2020,0.5926061034205854,
00000000000000000244,27123041301,2020,0.6061912399552776,
00000000000000000245,27123041002,2020,0.6599659889910532,
00000000000000000246,27123035000,2020,0.5917251578132189,
00000000000000000247,27123036400,2020,0.5800486171958286,
00000000000000000248,27123035100,2020,0.5739929965714694,
00000000000000000249,27123036500,2020,0.5522141059125124,
0000000000000000024a,27123035700,2020,0.598577957195973,
0000000000000000024b,27123036700,2020,0.5964150740338862,
0000000000000000024c,27123036800,2020,0.5668095946124969,
0000000000000000024d,27123041200,2020,0.5256709169638896,
0000000000000000024e,27123037602,2020,0.6553027452366115,
0000000000000000024f,27123042101,2020,0.536771842311465,
00000000000000000250,27123040802,2020,0.6390256193067403,
00000000000000000251,27123033800,2020,0.5509851505883945,
00000000000000000252,27123040706,2020,0.6866860013614872,
00000000000000000253,27123040603,2020,0.6654085700524687,
00000000000000000254,27123042601,2020,0.5977931844473383,
00000000000000000255,27123040301,2020,0.6505153121094019,
00000000000000000256,27123031400,2020,0.5654998453497518,
00000000000000000257,27123030601,2020,0.5961245304486683,
00000000000000000258,27123030202,2020,0.5606409827653714,
00000000000000000259,27123031702,2020,0.5999813665357652,
0000000000000000025a,27123031701,2020,0.511097248883417,
0000000000000000025b,27123030201,2020,0.5563693784324745,
0000000000000000025c,27123034202,2020,0.26294805593711457,
0000000000000000025d,27123042504,2020,0.6872448610961467,
0000000000000000025e,27123034201,2020,0.23418015239006643,
0000000000000000025f,27123042503,2020,0.6911821164623547,
00000000000000000260,27123042800,2020,0.4166765741568405,
00000000000000000261,27123043000,2020,0.6351587256342685,
00000000000000000262,27123042900,2020,0.5241209119469203,
00000000000000000263,27123040902,2020,0.540435238288587,
00000000000000000264,27123040100,2020,0.6801501665308763,
00000000000000000265,27123040704,2020,0.6286224000289549,
00000000000000000266,27123034400,2020,0.5252036338342404,
00000000000000000267,27123040703,2020,0.6522517094197611,
00000000000000000268,27123040801,2020,0.6312500007618537,
00000000000000000269,27123037100,2020,0.5427163260383152,
0000000000000000026a,27123040901,2020,0.6073664520182209,
0000000000000000026b,27123040707,2020,0.6404592600161124,
0000000000000000026c,27123031900,2020,0.315822061281468,
0000000000000000026d,27123041900,2020,0.6201068919892122,
0000000000000000026e,27123032000,2020,0.5592073629687927,
0000000000000000026f,27123040504,2020,0.6160446352317355,
00000000000000000270,27123030100,2020,0.5444112301195855,
00000000000000000271,27123040503,2020,0.6501863677399128,
00000000000000000272,27123040401,2020,0.6331271287194368,
00000000000000000273,27163070906,2020,0.648634115523522,
00000000000000000274,27163070909,2020,0.6326455351381295,
00000000000000000275,27163071012,2020,0.6021295583221865,
00000000000000000276,27163071001,2020,0.6200845014883335,
00000000000000000277,27163071010,2020,0.5308510915472708,
00000000000000000278,27163071017,2020,0.6524661368239929,
00000000000000000279,27163071006,2020,0.5674111142615239,
0000000000000000027a,27163070601,2020,0.6145768153282017,
0000000000000000027b,27163071206,2020,0.6474672734848933,
0000000000000000027c,27163070602,2020,0.6198662978701573,
0000000000000000027d,27163071018,2020,0.7021999331176273,
0000000000000000027e,27163071014,2020,0.6159924784746921,
0000000000000000027f,27163071209,2020,0.6374182748460985,
00000000000000000280,27163071015,2020,0.6304233383850792,
00000000000000000281,27163071016,2020,0.6530933933488878,
00000000000000000282,27163070801,2020,0.46927137369570643,
00000000000000000283,27163070912,2020,0.6016616695434229,
00000000000000000284,27163070911,2020,0.6618683622312563,
00000000000000000285,27163071400,2020,0.6568511740485878,
00000000000000000286,27163070502,2020,0.6717220562540537,
00000000000000000287,27163070701,2020,0.7176750406009743,
00000000000000000288,27163071011,2020,0.6479584966759991,
00000000000000000289,27163070205,2020,0.7724315480153796,
0000000000000000028a,27163070206,2020,0.7630137555738895,
0000000000000000028b,27163070907,2020,0.6434551738749136,
0000000000000000028c,27163071102,2020,0.7773240781940542,
0000000000000000028d,27163070103,2020,0.6223788499567549,
0000000000000000028e,27163070703,2020,0.6509259768154685,
0000000000000000028f,27163070204,2020,0.7274713271005294,
00000000000000000290,27163070501,2020,0.6850605799932911,
00000000000000000291,27163070704,2020,0.6378047429135252,
00000000000000000292,27163070910,2020,0.5938131711576756,
00000000000000000293,27163071101,2020,0.6768169601761437,
00000000000000000294,27163070303,2020,0.6722152225779389,
00000000000000000295,27163071207,2020,0.7563671814388973,
00000000000000000296,27163070106,2020,0.7489956802631965,
00000000000000000297,27163070203,2020,0.7379142338045562,
00000000000000000298,27163071003,2020,0.6359989299641154,
00000000000000000299,27163070404,2020,0.7534371769488357,
0000000000000000029a,27163070105,2020,0.7360402423371819,
0000000000000000029b,27163070104,2020,0.6284534374701405,
0000000000000000029c,27163071208,2020,0.5917636178922118,
0000000000000000029d,27163071013,2020,0.6312246253784585,
0000000000000000029e,27163071300,2020,0.5714111313512621,
0000000000000000029f,27163070406,2020,0.7061454152163986,
000000000000000002a0,27163070405,2020,0.7317953551443295,
000000000000000002a1,27163070301,2020,0.7542220894341956,
000000000000000002a2,27163070403,2020,0.7476341454474567,
000000000000000002a3,27163070304,2020,0.6832532871966299,
000000000000000002a4,27163070802,2020,0.632212368501195,
000000000000000002a5,27053012001,2020,0.5564368486359464,
000000000000000002a6,27053012101,2020,0.5520265758659999,
000000000000000002a7,27053012102,2020,0.4736549877009804,
000000000000000002a8,27053022301,2020,0.6187774639324269,
000000000000000002a9,27053026101,2020,0.6910323559569095,
000000000000000002aa,27053026403,2020,0.5844774295616786,
000000000000000002ab,27053026201,2020,0.7010081597030167,
000000000000000002ac,27053026202,2020,0.692722553245094,
000000000000000002ad,27053026205,2020,0.6876661464692514,
000000000000000002ae,27053020302,2020,0.549677402237263,
000000000000000002af,27053020303,2020,0.5884951914790066,
000000000000000002b0,27053020304,2020,0.5517056484457877,
000000000000000002b1,27053020400,2020,0.5379217913333505,
000000000000000002b2,27053020500,2020,0.5879945955716063,
000000000000000002b3,27053020600,2020,0.5480084083333931,
000000000000000002b4,27053026811,2020,0.6259154093350998,
000000000000000002b5,27053026807,2020,0.5269239250885248,
000000000000000002b6,27053026809,2020,0.54251525755839,
000000000000000002b7,27053026810,2020,0.557852409433705,
000000000000000002b8,27053026206,2020,0.6945731697366639,
000000000000000002b9,27053026207,2020,0.6918057874569107,
000000000000000002ba,27053026208,2020,0.6777178560142106,
000000000000000002bb,27053026301,2020,0.6682691790361608,
000000000000000002bc,27053026302,2020,0.6694375615688521,
000000000000000002bd,27053026812,2020,0.5529525869827353,
000000000000000002be,27053026814,2020,0.6266430590682228,
000000000000000002bf,27053026815,2020,0.6417943724572267,
