class,otherc,longitude,latitude
2,decid,-93.68383783436948,45.04626461589691
2,decid,-92.8734170631965,45.2883161099656
5,wet,-93.0102816035502,44.7766291608439
2,decid,-93.21846142400611,45.182048990527
5,wet,-93.0121799339538,44.7885119722728
4,fwet,-93.1866896987648,45.1580709168502
8,paved,-93.4085500333692,45.1186053835913
1,conif,-93.22413288777706,44.96797328118514
11,bare,-93.5463417978192,44.7680309645599
10,ext,-93.4175779384212,45.1012893645939
5,wet,-93.10673389992742,44.6488359525331
1,conif,-93.18321863630929,44.89838788439869
3,grass,-92.8522406902993,44.59963647694
2,decid,-92.92303233401881,45.0920348561167
2,decid,-93.15407956959537,44.9905498292092
4,fwet,-93.2686998453531,44.4932748134182
5,wet,-93.71687323366281,44.9461405769708
3,grass,-93.38367677216242,44.6493216607008
2,decid,-93.61283478507798,45.2105891170134
1,conif,-93.1215881078928,45.19180189836929
5,wet,-93.877938172909,44.8348302725825
2,decid,-93.14381302140914,44.90742414617013
1,conif,-93.29511245245158,44.92934798549329
2,decid,-93.1215466891901,44.495146693624
3,grass,-92.801417658166,45.20098869578031
2,decid,-93.4174689570305,44.8766012378391
2,decid,-93.0289445275763,44.9440659117861
2,decid,-93.31115546040802,45.02131612078395
1,conif,-92.85594779377789,45.25401856327272
4,fwet,-92.9106050629552,45.2375827487261
2,decid,-93.21470697154136,44.96948299371746
2,decid,-92.8119063430502,45.2636573062782
2,decid,-92.802168669152,44.9838670441793
2,decid,-92.97295906148769,45.12743448084439
2,decid,-93.5341299850016,44.9236462007343
9,bldg,-93.2336558106753,44.6937490722919
2,decid,-93.44036325198078,45.3366851694142
2,decid,-93.5027946706173,44.9483639913858
2,decid,-93.21444903646382,44.94324548976003
2,decid,-93.1845241139183,45.31470146247539
2,decid,-93.3133179681732,44.7918637864299
2,decid,-93.8656489136459,44.9518612435732
4,fwet,-92.9832562669033,45.1371583097794
4,fwet,-93.0774055201899,45.34992975157869
1,conif,-93.56445819853282,45.16254024247443
3,grass,-93.315839989686907,44.6281934891982
7,ag,-93.065061181879,44.5986332183908
2,decid,-92.768242030596,45.1871537151307
1,conif,-92.82493996707537,45.28099357166045
1,conif,-93.0838671806079,44.97977655311652
2,decid,-92.8251611688124,44.9309728312288
3,grass,-93.9290231963981,44.7779821639419
2,decid,-92.9670036813525,44.8695276349831
2,decid,-93.1470372006101,44.96668786608641
2,decid,-92.9754114687182,44.7455690235267
2,decid,-92.83981115654161,45.2672104400751
2,decid,-92.79089497314901,44.7348475077455
6,water,-92.84845477240322,44.7470915448379
2,decid,-93.0828039597127,45.112014693486
1,conif,-92.83328740693494,44.99029174624414
2,decid,-93.0116645991002,44.89890758210056
7,ag,-93.5103415505795,44.6404535860408
3,grass,-93.513548942728,44.8321890628194
3,grass,-93.3392596034549,44.623264963395
1,conif,-93.02862101014468,44.78999120288407
7,ag,-92.8888323150962,44.8370705232246
11,bare,-93.5363132109546,44.544187170099804
3,grass,-93.01608353675039,45.1873877246181
2,decid,-93.17980726597568,44.9109805614582
2,decid,-93.7158592280498,44.6496131216268
2,decid,-93.2141345344644,45.2501091708865
2,decid,-93.14682935131029,45.0938567812007
2,decid,-93.6927670615366,44.7437405797855
1,conif,-93.3388900217986,44.6897042797605
3,grass,-93.5302881621164,44.5461058579441
2,decid,-93.45324692765001,44.6922784890937
7,ag,-93.643296570566,44.5881975830239
2,decid,-93.5697336648376,44.7179537364972
3,grass,-93.5296616750284,44.7681095426926
2,decid,-93.57723098113588,44.748163966558
5,wet,-93.90968096364969,44.8983169149232
3,grass,-92.949911899533,44.8716819295493
2,decid,-93.45882821941241,44.9669131617492
5,wet,-93.83107449121879,44.8751504847084
1,conif,-93.0985321101609,44.97319581247748
10,ext,-93.3018922792514,44.7827122527793
8,paved,-93.43346123324841,45.2349048684637
4,fwet,-93.3765459574794,44.8915969785818
5,wet,-93.99545943843049,44.8708651423259
2,decid,-92.9569617355555,45.0942131091041
7,ag,-93.5010636992126,45.31645186987959
1,conif,-92.77070667121906,45.11007350794887
2,decid,-93.0540436594323,44.9456771551997
1,conif,-93.10549674830808,44.92680822884572
2,decid,-93.31970387027731,44.8493702101662
7,ag,-93.38799402199311,45.3492969857291
8,paved,-93.00384253245089,44.8784444422892
3,grass,-93.48995252814369,45.1371887979913
2,decid,-93.40121195735058,44.7232613064654
2,decid,-93.2230990954008,44.9022622050868
2,decid,-93.31451784682565,45.04805082545786
7,ag,-93.5016752298058,45.3423732436199
3,grass,-93.4428696152943,44.8208721835967
2,decid,-93.510258445053,44.5877891421766
3,grass,-93.5442045678776,45.1447746520356
4,fwet,-92.9606181462444,44.765820086578
8,paved,-93.1788271503835,44.9625637152265
2,decid,-93.1477511594392,45.0077079191828
3,grass,-93.4557743260645,45.3963036641767
1,conif,-93.00069778926833,44.89653955910981
1,conif,-92.8740418655838,44.9913061334964
2,decid,-92.90992548817921,45.1838427008298
1,conif,-92.80548545466526,45.08511664642644
2,decid,-92.99510654487649,44.8760138293027
2,decid,-93.44159120858382,45.1495383262528
1,conif,-92.80908604799193,45.19081075530413
2,decid,-93.2792500273891,44.7268654900565
2,decid,-93.12975576555772,44.7930300626368
1,conif,-93.29136770205476,45.03241900989944
2,decid,-93.3657125905639,45.2194791679794
2,decid,-92.7996215886732,44.7313522359851
1,conif,-92.83452522375438,44.9798676295462
2,decid,-93.7112762106988,44.7079774813292
9,bldg,-93.3604678761387,44.9329683368979
2,decid,-93.29798838137582,44.97426585251478
2,decid,-93.0805822293572,44.6150979873889
2,decid,-93.167018046,45.2183222787887
6,water,-92.9568259830344,44.767439129348
2,decid,-93.41310749707739,44.8509609952349
2,decid,-92.84300904626562,44.6587706748023
6,water,-93.32556690314242,45.1480376484959
2,decid,-93.29256810948712,44.92719306226474
6,water,-92.7699493260937,44.8571478069306
2,decid,-93.45136702701481,44.8400135875475
5,wet,-92.9912518325297,45.2478791571898
1,conif,-93.36319782404351,45.41147679104996
10,ext,-93.5912442540853,44.7472820692651
2,decid,-93.5810681163481,44.6393054168261
10,ext,-93.0705766078667,44.7828193868022
1,conif,-93.00570459845288,44.91200139793024
5,wet,-92.88957464776742,45.2418850949784
3,grass,-93.6777210340827,44.9798670155638
1,conif,-92.89700458082419,45.14926539171249
5,wet,-93.0633508735615,45.1095966677124
8,paved,-92.8038953759496,45.0354509765011
2,decid,-93.09682856931829,44.8346529902196
2,decid,-93.1109761275265,44.4924566349303
8,paved,-93.40818825292422,45.22824681795679
2,decid,-93.15342751082417,44.9104554588913
6,water,-92.9754060860643,44.7582622932987
2,decid,-93.1557084094034,45.1343528804794
2,decid,-93.19272718729408,44.93306788745286
2,decid,-92.8907524019507,45.0258450614076
2,decid,-93.2533962189837,44.90470202857291
1,conif,-93.48105042397191,45.32335676489962
2,decid,-93.16940515751207,44.89499331057227
2,decid,-93.6485612466122,44.7893717275587
2,decid,-93.4394534054173,45.3180557518928
5,wet,-93.46454574688542,45.062490263091
2,decid,-93.3351262339782,45.216332441938214
2,decid,-93.2026879042631,44.9330872895434
3,grass,-93.3347006208669,44.6853954726793
2,decid,-92.91397235711348,45.0320762106263
2,decid,-93.2624598621363,45.366667005328
5,wet,-93.18562232928132,45.0643644270011
6,water,-92.88932915922659,44.775765796307
6,water,-93.7133417977529,44.7527962817152
2,decid,-93.74949228159721,45.0563847652199
3,grass,-93.4434726007887,44.6021119944031
2,decid,-92.81418909752222,44.9144817567996
2,decid,-93.0239964451461,44.9329945686161
1,conif,-93.1220659488929,44.99238039552593
2,decid,-93.07690816044808,45.2654065643378
5,wet,-92.83259407429388,45.1202936414665
2,decid,-93.13996690416386,44.96233604677371
2,decid,-93.0209732831654,44.9834963456962
2,decid,-92.83622443995,45.18457094278491
5,wet,-93.76800378870179,44.9020582315999
2,decid,-93.3021016334202,44.9679754045338
2,decid,-93.4474214353426,45.2605054131684
9,bldg,-93.415237294811,45.09400646269451
2,decid,-93.11000714325651,44.95703323268422
2,decid,-93.01150844554968,45.22465490536901
5,wet,-93.1901306485474,45.274455735429
5,wet,-93.9472034832755,44.7767525429909
2,decid,-93.1547386416345,44.9164185166741
2,decid,-93.1174458932262,44.8945879101464
3,grass,-92.9170966981275,44.9783370657742
2,decid,-93.1424501774573,45.3255633904179
2,decid,-93.3197128344183,44.8509905744658
6,water,-93.0080113488119,44.810927928689
2,decid,-92.85973842039,44.9388522976353
2,decid,-93.033377526476,45.37398471881239
2,decid,-93.63247896025858,44.8793937567954
6,water,-92.7646957728094,45.0280854192217
10,ext,-93.3026718482705,44.786761209424
3,grass,-92.9178496136638,44.7169146439592
8,paved,-93.445303353629,44.7919655576141
2,decid,-93.7061673939897,44.6615567118685
3,grass,-93.34989768727888,45.31971542643861
2,decid,-92.8253399418285,44.7462483244552
1,conif,-93.17242436512936,45.2009669309934
1,conif,-93.14358060149691,44.91568001400368
6,water,-92.96895448955809,44.7728444448738
2,decid,-93.2713449608577,44.7376873649931
7,ag,-93.9906951341557,44.7701719500764
2,decid,-93.0354095630217,44.9448742716438
1,conif,-93.3151732120715,44.96216869670933
2,decid,-93.1970117988829,44.9409289853794
2,decid,-93.4591756982229,45.39034917773121
2,decid,-93.0502446543041,44.949999854387
2,decid,-92.92431220932501,44.9888743606922
2,decid,-93.1705553666489,45.2512627451534
2,decid,-93.23879817461423,44.99818066690123
2,decid,-93.17798642686438,44.94729526545667
1,conif,-93.01927227704522,44.93341320646864
2,decid,-93.2807274118712,45.0314935320274
2,decid,-93.34860048218971,44.7936520137047
4,fwet,-93.6007716085277,45.0443013005764
8,paved,-93.45511165664381,45.0260707272088
1,conif,-93.3346798211214,45.140179828821
8,paved,-93.4175834139692,45.0497089856944
2,decid,-93.19240374851049,45.3811186225774
1,conif,-93.54403965337859,45.17119540107757
1,conif,-93.10216301119185,45.25065896599613
2,decid,-93.303482365468,44.9412358080827
2,decid,-93.35345008736999,45.27541731720919
5,wet,-93.3365132123485,45.38645579543261
9,bldg,-93.26078327063338,44.6639823180872
2,decid,-93.0648244026642,45.3998949869284
2,decid,-93.2184599616266,45.2814262235327
2,decid,-92.78705176031441,45.1609955283042
2,decid,-93.0083670726739,44.6469949976847
2,decid,-92.90982823755542,45.24541348213789
2,decid,-93.18404467394271,44.9287978777717
2,decid,-93.28748699248558,45.2402264273188
5,wet,-93.213069429983,45.2719848427218
2,decid,-93.19816958691945,44.98401333795984
2,decid,-93.1135277285847,45.4111985829853
2,decid,-93.26911033658929,44.9091846732411
3,grass,-93.0582772879093,45.36992412635939
2,decid,-93.3029615491905,44.9145011298174
2,decid,-93.4433293396305,44.9796671544576
2,decid,-93.1288477067053,44.8961959923787
5,wet,-93.0765802360448,45.305913422182
2,decid,-93.0114458633872,44.911931719424
2,decid,-93.1194972570337,44.9677723346187
2,decid,-93.44306418284572,45.2902273274315
6,water,-93.3301743402594,45.1528853338073
1,conif,-92.8634655695993,44.90112646190024
6,water,-93.00499866526759,45.0701863110105
2,decid,-93.0699913563636,44.9259540522623
7,ag,-93.7281958537906,44.7283962412149
2,decid,-93.2090835668772,44.9144415212729
5,wet,-93.41008029564202,44.7988491530008
2,decid,-92.9017814520088,45.2564787276327
8,paved,-92.8419987329125,45.0295688095764
3,grass,-93.1993570848239,45.28794222747031
2,decid,-93.231493431648,44.98982186379087
2,decid,-93.0667859862964,45.1120251835849
2,decid,-93.09725268247882,44.92777384256264
3,grass,-93.1893630897298,44.6957216065414
2,decid,-93.16107717147372,45.14406727816479
2,decid,-93.3265875638852,45.2598346696899
2,decid,-93.0729178291793,44.8352108909492
2,decid,-93.6650477974247,44.8049408119693
5,wet,-93.5171384899422,45.18999875139831
2,decid,-93.4859211359935,45.3807871402898
2,decid,-93.111827322278,44.54296089684
2,decid,-93.465400451562,44.9328589872974
2,decid,-93.14283220411986,44.91926904147009
2,decid,-93.430625917627,45.1630827186291
7,ag,-92.8408204771315,44.7670662905937
7,ag,-93.0113981897781,44.6702211015852
2,decid,-93.3168844585605,44.9582131995176
10,ext,-93.1015603289343,44.7193296737128
2,decid,-93.0057463301471,44.9248951094322
8,paved,-92.77849796750981,45.0040779452504
3,grass,-93.4790524945151,44.7912888417924
3,grass,-93.17298005763078,45.1683544065426
4,fwet,-93.4780853244359,44.9495503450748
5,wet,-93.25717281987218,45.2988984804024
3,grass,-92.8661916056684,45.26994484325661
2,decid,-93.29961722489647,44.9453177135665
1,conif,-93.05343759535197,44.94718970779228
6,water,-93.37843862350701,45.17947055016771
2,decid,-93.1482841714917,44.9191276966509
7,ag,-93.249380467244,44.4754932007931
2,decid,-93.05579482853912,44.7903894673931
2,decid,-93.94752346923579,44.8426461253381
3,grass,-93.540130209055,44.9959939755136
3,grass,-93.2634274355701,45.3275087805451
2,decid,-92.7725057045878,44.9792208111467
4,fwet,-93.62520893901882,44.9796264544692
2,decid,-92.8774564535953,45.1889434086946
2,decid,-93.1775195027839,44.9085535816063
2,decid,-93.3783821812671,45.34365836244991
1,conif,-93.0088322399347,44.918033515301786
1,conif,-93.05619795395323,44.90921728451694
2,decid,-93.5836352672364,44.744350441185
3,grass,-93.0095631607109,45.0177952095061
2,decid,-93.596616870147,44.9743782275925
2,decid,-93.1087760238743,44.9310548602579
1,conif,-93.02261855895952,44.95887022678075
2,decid,-93.4565009483679,45.05712160353399
2,decid,-93.3102452990976,44.9260942232924
1,conif,-93.00350604972223,44.9425633889316
2,decid,-93.01670083144892,44.6842642525831
7,ag,-92.8303965227113,44.8313273129327
1,conif,-92.83905773762676,44.83036253547577
2,decid,-92.8200427976762,44.7435394014244
2,decid,-93.40048601689361,44.7278550575352
2,decid,-92.7711664691645,44.8374355035465
2,decid,-93.0110681930194,44.9243545948786
10,ext,-93.58858883222581,44.7470257161124
2,decid,-93.21416075494454,44.90502993420069
2,decid,-93.32009451167622,44.9198556291198
5,wet,-93.85128200506938,44.8804029056441
3,grass,-93.66285038162991,44.8449233533297
2,decid,-93.4303591875445,44.9243544533216
2,decid,-93.18487345305171,44.9501313331122
2,decid,-93.1900382711044,44.9017818787543
2,decid,-93.2763568379861,44.9145686075353
3,grass,-93.4062947015736,45.3913596406442
9,bldg,-93.1810869710218,44.7130196263412
5,wet,-93.9545846509692,44.7874937939895
2,decid,-93.01069487294271,44.9610828630121
2,decid,-93.58076458430098,45.17511026948209
2,decid,-93.5102083867381,45.3544873066584
2,decid,-93.32026159617999,44.96936035017656
5,wet,-93.1614387975444,44.8659074654663
2,decid,-92.99469499426921,45.2203346060166
2,decid,-93.1769314195092,45.2115561614502
2,decid,-93.4147481903591,44.7621030249444
2,decid,-92.919341454802293,45.27620577561579
2,decid,-93.02547832833466,44.90089756865635
3,grass,-93.1103469866531,44.758481702161
2,decid,-93.05810308249661,45.199526265873
2,decid,-93.5081038605606,44.6007624396889
6,water,-93.13077396679499,45.0752425818006
2,decid,-93.7046728212348,44.7255730342142
2,decid,-93.0072658708309,44.9167931756959
1,conif,-93.32712198453906,44.93848715876032
2,decid,-93.0823877173002,45.3523566368131
2,decid,-93.21989652441609,44.9592513070585
3,grass,-93.4868798792906,45.4031963207735
3,grass,-93.9222101122931,44.9689723582976
2,decid,-93.3247901325118,44.6054820082299
2,decid,-93.0807213766218,44.9872505635914
2,decid,-93.0787078236628,44.906233866556
2,decid,-93.3514003689669,45.3151200857584
2,decid,-93.15603428916063,44.92036996273804
8,paved,-93.7671714203899,44.9822717862356
2,decid,-93.6225196963264,44.6598827106075
3,grass,-93.0079837151544,44.6102647640684
3,grass,-92.8848500627974,44.7401122200611
6,water,-93.7640731534043,44.6333663320734
2,decid,-93.0285615826043,44.9386647962436
2,decid,-93.6949232173268,44.6389394570006
2,decid,-92.8257180963585,44.7465189719935
1,conif,-92.8730495459095,45.04641472344938
1,conif,-93.10842009645744,44.91890267297511
2,decid,-93.1893132352848,44.98541113316418
2,decid,-93.15973859117751,44.97717979193115
2,decid,-92.8188154384786,45.13512546018661
9,bldg,-93.14699571313518,45.1586690039396
1,conif,-93.03394035296256,44.67643672270929
1,conif,-92.80156833280091,44.8144281695226
2,decid,-93.47950540948372,45.3924259557904
2,decid,-93.25008915492184,45.02392019577903
2,decid,-93.2150480889504,45.0867273112319
3,grass,-93.3732632603946,45.1470815718002
5,wet,-93.8119017114073,44.7540285933938
3,grass,-93.6919446660057,45.0867239852261
1,conif,-93.16747323892201,44.87888182927905
7,ag,-93.204342377366,44.6484329492107
2,decid,-93.1068691120154,44.9278159266364
2,decid,-93.0179123356881,44.9297549520541
2,decid,-93.7709793910632,44.6978674524894
1,conif,-93.30864517041888,44.97692050021979
2,decid,-93.0987512095051,44.8492348710314
7,ag,-93.8682253386082,44.9461704217714
2,decid,-93.0985749200317,44.9683324284578
1,conif,-93.6287380339798,44.88606812755079
2,decid,-92.8268582368358,45.2509888077193
2,decid,-93.28644848213543,45.02353438646527
2,decid,-93.1687408656912,44.8956038916365
6,water,-93.23166543247171,45.33054808321431
3,grass,-93.16252069941649,44.7103468407258
10,ext,-93.04383982572732,44.528152835319
1,conif,-93.20215705233456,44.98738710872983
7,ag,-93.9873124362145,44.8163827502231
2,decid,-93.31203637969821,44.905834709731
2,decid,-92.7919213039955,45.291167200356
6,water,-93.7812331854014,44.9249237494373
8,paved,-93.4098757685566,44.7699526124927
3,grass,-93.04852202665438,44.7104521682201
2,decid,-93.42177909001961,44.8946796355663
2,decid,-93.2057647962524,44.5155521988747
1,conif,-93.19614825212089,44.93278504882694
8,paved,-93.24264500674951,44.8514503839719
2,decid,-93.314242613001,44.9620013350115
11,bare,-93.16594703660911,44.7165535559695
4,fwet,-92.9614974821932,45.1528160009874
10,ext,-92.8726972405454,45.2680619643229
2,decid,-93.1461870289262,44.90886273137431
3,grass,-93.0575271469616,45.0067087749042
7,ag,-93.0189319698874,44.5605692138716
2,decid,-93.15871581754826,44.92158732768727
9,bldg,-93.2608959469613,44.6890988625337
1,conif,-92.85190660777062,45.25379837494
1,conif,-92.78056335324338,44.86943765262878
2,decid,-93.04862875478838,44.94937906115741
2,decid,-92.7538187266624,44.6324160119073
3,grass,-92.8525767782317,44.7654616577755
2,decid,-93.2958844380823,44.9426060484425
2,decid,-93.4823213871799,45.40807635701911
3,grass,-92.8975187189078,45.07527147391049
2,decid,-93.1806243114584,45.0503295762634
7,ag,-93.9551013813129,44.8188172270733
2,decid,-93.29452708159279,44.96854725329791
3,grass,-93.37871633551302,44.642856428342
7,ag,-93.1500437589514,44.5718155190907
1,conif,-93.57359477948941,44.5718241120299
2,decid,-92.88925668860782,44.6150727247301
3,grass,-92.86436123469379,45.07469679923591
2,decid,-93.9379549807586,44.7441505521575
7,ag,-93.6900829161261,45.0270530690893
1,conif,-93.4679935045014,45.25124141560251
6,water,-93.29028835550598,45.11464636918271
3,grass,-92.8806704026689,45.29561510508961
3,grass,-93.4221196885995,45.3548468288558
1,conif,-93.35951597386178,45.32663909844789
3,grass,-93.41789423214779,45.0923764511808
2,decid,-92.8266360567209,45.1983292759773
2,decid,-93.4872307759011,45.2654733867564
2,decid,-93.2041732711473,44.923092378528
2,decid,-93.68993247844308,44.6327579949435
7,ag,-92.8567347762929,44.7703281882882
2,decid,-93.91247261311769,44.8826309986662
2,decid,-93.3101542189062,45.05032131861019
2,decid,-93.141388305724,44.5861406849315
2,decid,-93.20093498306662,45.3014416541194
3,grass,-92.92129837481788,44.9664574370831
3,grass,-93.0477297235806,44.6680511087373
6,water,-93.4093004383969,44.6346486704102
2,decid,-93.71663650089512,44.865933597922
2,decid,-92.77300566335498,45.237662209283
3,grass,-93.1901338506558,45.160765737542
8,paved,-93.2874705029691,45.16110231623779
2,decid,-93.1957145254601,45.2298887384176
2,decid,-93.471348528301,45.1483391880552
3,grass,-93.8551529142404,44.9365468836143
6,water,-93.156952256495,44.8918398211095
2,decid,-93.15737711116782,44.9083130521983
2,decid,-93.11182718411875,44.97453044086088
1,conif,-93.08459768848637,44.58792653449527
2,decid,-93.0251373801793,44.9338045061174
5,wet,-93.1615775989604,45.3209472115249
6,water,-92.7723827971488,45.01027724300851
6,water,-93.2780301471092,45.02501877499029
2,decid,-93.68250065427749,44.9657954802792
6,water,-93.5047552478123,44.9551068446208
3,grass,-92.8279678708816,44.7546244723846
2,decid,-93.3447371550053,44.7180443206642
3,grass,-93.6292799391955,45.1081506212421
1,conif,-93.3275220881171,44.9560227092049
1,conif,-93.2966756170043,45.03777582201644
2,decid,-93.76868996909761,44.6392769945545
2,decid,-93.1303386901034,45.21891012165149
2,decid,-93.2900039601045,44.9075131558743
2,decid,-93.0666437652856,44.9896901712829
7,ag,-92.9603701154344,44.5737977475058
2,decid,-93.54397702146849,45.0002966431172
5,wet,-93.6964091332384,44.826089121054
2,decid,-93.1478576723894,44.9010340903153
2,decid,-92.8513555422438,45.2396813779242
1,conif,-93.26123144940033,45.34270750897498
7,ag,-93.641020254439,45.0667671132982
2,decid,-93.37211449382139,44.8524522446546
2,decid,-93.3645310359369,45.3334418207284
2,decid,-93.00553886999118,44.89971154570097
6,water,-92.8617026970784,44.7538600968736
2,decid,-93.29562507036009,45.1140925751302
6,water,-93.0144561407689,44.7914824524836
2,decid,-93.5106584524755,44.9345560110395
3,grass,-93.32558050770588,44.5439019879753
10,ext,-93.04346167244071,44.5273427391269
2,decid,-92.7680695153476,45.1355737845166
3,grass,-93.4324242705354,45.2997196420907
3,grass,-93.0622352207316,44.7839045093173
2,decid,-93.4600254186191,45.4006072459125
2,decid,-93.1558811006962,45.3374277016225
1,conif,-93.16616782672119,44.88411983485273
11,bare,-92.84595554564028,44.8318894908394
2,decid,-93.34742554583262,45.1655265211395
2,decid,-93.3763821831488,44.8664816107921
1,conif,-93.09294682497608,45.22576876836523
2,decid,-92.7355290977409,44.6620833218481
2,decid,-93.2204629161034,44.908478757240204
4,fwet,-93.1750189011304,45.335239645003
7,ag,-93.3939245998546,44.5982424884457
1,conif,-93.06925144504571,45.15516120274987
2,decid,-93.5157880479736,44.7001153235692
2,decid,-93.4541075580928,44.7055085987439
3,grass,-93.0637571296003,44.788494825242
2,decid,-93.04567926837672,44.947841289754
2,decid,-93.0095480927553,44.9270553454967
2,decid,-93.27776954869361,44.90859029692811
3,grass,-92.92294697032732,44.5862022081009
2,decid,-93.32397223319386,44.96075721119588
1,conif,-93.418150256492,45.35083248913843
2,decid,-93.2583549840357,45.0531507978774
2,decid,-93.6025003556863,45.2087537677768
2,decid,-93.26836106049325,45.03209502460745
2,decid,-92.9360733257653,45.0215585149098
9,bldg,-93.1722673219167,45.0584441444137
1,conif,-93.60903594870226,45.15131268815344
10,ext,-93.5887615678514,44.7640391901837
4,fwet,-92.9472453794811,45.2945850823981
1,conif,-93.19732901025333,45.31864816596823
8,paved,-93.44793609343311,45.0825406410288
4,fwet,-93.03729204564972,44.9157070711232
2,decid,-93.0128157835227,44.98521992758824
2,decid,-93.51955378711729,44.9512596392153
5,wet,-92.96151344921732,44.5589438262583
2,decid,-93.43961317520852,44.991294034641
2,decid,-92.8123748468881,44.8880126660582
2,decid,-92.7731458840987,44.9133273574216
2,decid,-93.31187153323731,44.90801193784882
1,conif,-92.9201282326046,44.72567136752223
7,ag,-93.13365849009519,44.5113380458033
2,decid,-93.1190280638079,44.9248332271416
2,decid,-93.0510315969184,44.9797060484983
2,decid,-93.3703940064988,44.7022998450647
2,decid,-93.19229142929716,44.98126316783875
5,wet,-93.5839360581281,44.9620210437462
2,decid,-93.10452490255967,44.98167657867988
3,grass,-93.2479368711626,45.3745306205882
2,decid,-92.9698460953876,45.2432847271532
2,decid,-93.87991449537469,44.5650134560392
3,grass,-93.6429054790247,45.1329195263653
3,grass,-93.56477698093539,44.5586342235042
2,decid,-93.6058835238803,44.9511043202721
7,ag,-93.9945266856475,44.9049011964716
3,grass,-93.1236488399699,44.9523745119056
2,decid,-93.15250030688621,44.93747463829889
5,wet,-92.9763969770534,45.1163631100739
2,decid,-93.5650161836998,44.8946009267793
2,decid,-93.78265990434801,44.8619893624306
2,decid,-93.1518581006948,44.9771859588662
2,decid,-92.9036436603367,45.0593435833015
3,grass,-93.6323256939934,45.1767267786591
2,decid,-93.11714842662526,44.98341859435975
2,decid,-93.6903028484177,45.07701197887789
3,grass,-93.7006416605286,44.9872903332964
10,ext,-93.14810684106392,44.701724145972896
2,decid,-93.597575938836,44.9568193518551
2,decid,-93.3187802500098,44.9571276842952
2,decid,-93.3317676906567,45.230114656654
5,wet,-93.0448633194827,45.3634492130717
2,decid,-93.17564720320519,44.9636056868268
2,decid,-93.22737755253037,44.94194005075175
2,decid,-93.1283636902303,45.35987536633209
2,decid,-93.4585533643431,45.4081742492468
11,bare,-93.4774542789693,45.3308652588443
2,decid,-93.06580942880929,44.9256864772624
2,decid,-92.80237468663242,45.0346381867548
3,grass,-93.53376120741851,44.5955139535615
2,decid,-92.8143257235672,44.7537928998104
2,decid,-93.12495041936072,44.93749186299912
1,conif,-92.82077970690673,44.80756370715272
4,fwet,-92.74721654656462,44.6721025107993
2,decid,-92.7791885988389,44.9233314828625
2,decid,-93.0688457538245,44.921633765698
2,decid,-93.3589936558925,45.3053749190219
8,paved,-93.0548982464081,45.0442479367083
2,decid,-93.00501044715328,44.89740778419943
2,decid,-93.36677065616782,45.32452325679709
2,decid,-93.2559362514342,44.9378414683862
2,decid,-92.78126122969911,44.9781576809603
8,paved,-93.0806978873057,44.9705069336163
7,ag,-92.8591983736863,45.0042059506032
2,decid,-93.1328008319507,44.9628965696085
3,grass,-93.567045720058,44.9850611756843
3,grass,-92.9601746075493,44.8595330806458
2,decid,-93.19357030374314,44.97657218539742
8,paved,-92.9635357033679,44.9486547845314
2,decid,-93.1536816775606,45.373616168222
2,decid,-93.68431402541118,44.6052440857073
5,wet,-93.5651780888171,44.794676039383
1,conif,-93.09271335692142,44.60427083068886
2,decid,-93.24677541642711,44.98061302862452
9,bldg,-93.6660676086077,44.8605683860549
2,decid,-93.04340496423833,44.94783550707087
5,wet,-93.1826451362071,45.3255061876227
7,ag,-93.0201117338414,44.6953366771784
2,decid,-92.92677040460542,44.851414606629
3,grass,-93.40457041446051,44.7159575402931
5,wet,-93.4724939838673,44.963346667415
2,decid,-92.9148768486018,44.935665975801
2,decid,-93.4257836459645,45.3326898206383
9,bldg,-93.5812075387273,44.8045880732698
1,conif,-93.24916294536668,44.90263517224484
3,grass,-93.1949825121809,45.2393416243185
2,decid,-92.7589986945067,44.6602447410683
2,decid,-93.1521940570471,45.3903606205596
1,conif,-93.25353124625956,44.90503828145856
2,decid,-92.8384348731344,44.9426049955577
2,decid,-92.8113266269663,45.2077566977491
1,conif,-92.85123093248929,45.17430900177367
2,decid,-93.3115763083514,44.6795192976939
3,grass,-92.8881650713801,44.9856039835442
1,conif,-93.17822532596476,44.89727161133943
8,paved,-93.3519991915625,44.9780947575303
8,paved,-93.1807334405825,44.721122323356
2,decid,-92.9694346005614,44.5810926357339
2,decid,-92.7997830217557,44.9039249871311
2,decid,-93.1071976212371,45.1041628746883
8,paved,-93.0295824351882,44.7047871387319
2,decid,-93.15278966496251,45.3269002389277
7,ag,-93.6773793936737,44.7565261523824
2,decid,-93.338290614802,44.9762457747203
6,water,-92.9901827616688,44.7944536895514
2,decid,-93.20980804467138,44.96367241013633
2,decid,-93.1456364256546,44.9242622728082
9,bldg,-93.3980231052967,44.7554108089412
2,decid,-93.02659592652311,44.7987720942822
2,decid,-93.51466976395349,45.21269396120089
2,decid,-92.7922375763264,45.099433307003594
2,decid,-93.717370283739,44.7414281241588
1,conif,-93.01638419799907,44.92850198273096
2,decid,-93.45652283772482,44.6755209328011
9,bldg,-93.3822466095283,44.7195453641219
5,wet,-93.4033063804296,45.0781160480899
3,grass,-93.5145675437956,44.9890905026512
2,decid,-93.00917817913859,44.9913295966192
2,decid,-93.0087843265458,44.9043702142493
2,decid,-93.7622143728198,44.9814948032843
10,ext,-92.9000369236401,44.7228420066085
7,ag,-93.5433942185513,44.6151841019202
2,decid,-93.55835513631068,44.7163895071945
3,grass,-93.411263835616,44.751852992808
5,wet,-93.5550689124216,44.6102665897203
2,decid,-93.3226957492698,44.9771010807296
2,decid,-93.0122216088767,44.9856580859286
3,grass,-93.3412109047249,45.40291424557351
2,decid,-93.14414897615791,44.4797257227832
6,water,-92.90083818813052,45.1392768988972
2,decid,-92.91843778120942,44.8373655692629
3,grass,-93.19797349314662,44.8888053855435
1,conif,-93.15835012301459,45.09560800536422
2,decid,-93.19658151537884,44.9503935146275
2,decid,-93.18940856937682,44.92740506414978
2,decid,-93.05687297504649,44.97124412779952
2,decid,-93.12627319178871,44.9350877694916
1,conif,-93.25889416276665,44.98466781259339
1,conif,-93.0975958921583,45.0639334638405
5,wet,-93.0477913937383,45.2011513360365
1,conif,-93.13109396792281,45.33053516124487
5,wet,-93.7921801096579,44.8362675630106
2,decid,-93.23930079825772,44.96164678026077
1,conif,-92.82408939360879,44.90606532229884
6,water,-93.6365315990016,44.6954550976454
8,paved,-93.2376419937656,45.01943876484259
2,decid,-93.41090011340029,44.5933212923506
2,decid,-93.20588737263573,44.9352000600633
2,decid,-92.9180080855135,45.1395605670921
1,conif,-93.30352871799154,45.04738161913287
2,decid,-93.25643614476861,44.91861444179144
2,decid,-93.23610260908634,44.90839502962001
2,decid,-93.31546071779582,44.976041059034
3,grass,-93.2198153564769,44.5379426828399
9,bldg,-93.0913103992984,44.94538337947
2,decid,-93.16569276840582,44.8926376633864
2,decid,-93.2958913740971,44.9439563329407
2,decid,-93.0950944264661,44.9340377430104
6,water,-92.8124315218424,44.7535197350755
2,decid,-93.468384798307,45.0659852946834
7,ag,-93.17742768662151,44.5066870609377
5,wet,-93.2112350329569,45.3959375155626
2,decid,-93.40524755993219,44.5957721814892
1,conif,-92.83946043937402,45.16669609696777
2,decid,-93.696654547989,44.9408644980666
1,conif,-93.16806310280629,45.07760141687945
2,decid,-93.0110640468204,44.902749641789
8,paved,-93.061884000103,44.810101243017
2,decid,-93.2080886260472,44.9546824145996
5,wet,-93.179413942126,45.393291539866
3,grass,-92.85315415231679,44.687141869366
4,fwet,-93.0433733223456,44.915704923477
2,decid,-93.3490046774088,45.2365444076962
2,decid,-93.1947223157317,45.3867855250472
8,paved,-93.3848627378839,45.0560352106662
3,grass,-93.0807440707451,44.7317695464148
2,decid,-93.4282142911349,45.1468887573688
2,decid,-93.17959895650752,44.96901149852565
1,conif,-93.39697013208472,45.2636624094822
7,ag,-93.986701314245,44.8917360206578
3,grass,-93.3817108884792,45.2691153307062
2,decid,-92.736257764226,44.6682967013868
2,decid,-93.4652339936182,44.9593255790083
5,wet,-92.8773188913767,45.2529444770141
3,grass,-93.2814936953196,44.4859517851809
9,bldg,-92.9635418573486,44.9389326091324
2,decid,-93.56240554077722,45.2105785350856
1,conif,-92.79700238374015,45.12642711083829
7,ag,-93.5075774192308,45.31723323689931
2,decid,-92.8670543962653,44.8991619849447
7,ag,-93.78587670214459,44.5954077717874
7,ag,-93.6185431240479,44.6061593898126
2,decid,-92.919353462723,44.725017847615
3,grass,-93.2064669124363,44.8204639761381
2,decid,-93.3039923200669,44.9658099125435
10,ext,-93.30190072433939,44.7843326388085
4,fwet,-93.44333336325619,45.1773467355528
2,decid,-92.9047239400807,45.09715206331499
2,decid,-93.3237703264022,44.9652154358269
11,bare,-93.21933830470492,45.409964255074
1,conif,-93.54545520645276,45.21878976186136
3,grass,-92.8859139618429,44.9693982241608
4,fwet,-93.03181591779081,45.3221372376838
1,conif,-92.8415677150919,44.88435575445765
2,decid,-93.7628753123099,44.6574109539906
4,fwet,-93.4946398511866,45.3699481113975
2,decid,-93.3423461260784,44.8263490154858
2,decid,-93.01373114580369,44.9327262031673
2,decid,-92.7794798579213,44.9465572825837
2,decid,-93.5181005529669,44.7470971777975
3,grass,-93.53344577358598,44.6849101636038
7,ag,-93.2750430945272,44.5583490607429
7,ag,-93.8071768291612,44.5777042074859
2,decid,-93.1909528423283,45.4054245814421
2,decid,-93.1370359237845,44.984226232738
2,decid,-93.02303663079286,44.94621381722443
2,decid,-93.02744088884029,44.93912841074167
5,wet,-93.45862512796458,44.5580295014603
1,conif,-93.31361200704536,45.04655566120041
2,decid,-92.8752859300946,45.1335807768397
7,ag,-93.4667116607225,45.18805556073389
2,decid,-93.17941316294419,44.92672276071892
5,wet,-93.2662894340843,45.3663881009377
2,decid,-92.80775222189952,44.9071794275978
2,decid,-93.09851438172238,44.9329546002751
7,ag,-93.86976853212468,44.695267289064
6,water,-93.1133275671707,44.9256492101462
2,decid,-92.95926792453031,45.0680187206343
5,wet,-93.3770576458714,44.7371172057126
3,grass,-93.0753678171372,45.25730622904581
5,wet,-93.3070593835165,45.2547579731233
10,ext,-93.5904973435897,44.7483662122079
7,ag,-93.1374735415724,44.5286186756567
3,grass,-93.67691834512048,44.5869229449795
4,fwet,-92.73915577219141,44.6972011511798
3,grass,-93.2623281133516,44.7547228318113
7,ag,-93.9127776375943,44.9739092054071
5,wet,-93.0210695528634,45.2457171800803
4,fwet,-93.3114263049411,45.3541221177
9,bldg,-93.529483577014,45.0384427792292
1,conif,-92.86947808892454,45.16428573869363
3,grass,-93.2695538327365,45.32776452883639
5,wet,-92.9753925564694,44.7901303776595
2,decid,-93.3444785828214,45.2465498645324
2,decid,-93.1969498565573,44.94423228174115
11,bare,-92.990885681482,45.14688101194611
2,decid,-93.4596077567982,45.0168707907781
2,decid,-92.8441128275107,45.092494510078
11,bare,-92.9571158728852,44.8878886731349
10,ext,-93.0434622749396,44.5281529796115
2,decid,-93.04726312420999,44.5594806891139
7,ag,-93.0579822865334,44.702345604543
2,decid,-93.2433664767246,45.2019822413654
2,decid,-93.13923628508779,44.7924787625653
2,decid,-93.1581527231833,44.913983283347
2,decid,-93.1065333685304,45.3615180577693
2,decid,-93.0095488534085,44.9316463852957
9,bldg,-92.87502821351978,44.7260582297872
8,paved,-93.6542422801796,45.1234033319509
11,bare,-93.06199435332302,44.5583933281375
2,decid,-93.7166481423202,44.9280479215274
5,wet,-93.2012495056425,44.8477499227768
2,decid,-93.1016691390418,45.2119180035772
3,grass,-93.3712425266784,45.3058758492615
3,grass,-92.88586188214408,45.1870617758029
2,decid,-92.9989022420389,45.0067232581399
7,ag,-93.76991252897069,44.8172451830269
2,decid,-92.9058893026277,44.6177884013611
2,decid,-93.18130028641109,44.9023362094029
2,decid,-93.3780263083579,45.4052286834903
2,decid,-93.3087507683625,44.9309593749425
2,decid,-93.08574319046024,44.93513139857141
2,decid,-93.14536598391089,44.9677423376566
5,wet,-93.1524240004519,45.0471300288081
2,decid,-93.0306757691605,44.6237647235698
2,decid,-93.29191858307128,45.135166157658
2,decid,-93.08385626657902,44.7879417003552
3,grass,-93.16033855571331,44.7430284895608
2,decid,-93.30127577198908,44.955554843741
2,decid,-92.8436792865726,44.9717787573592
3,grass,-92.85612670162719,45.0147343594682
2,decid,-93.77711028066338,44.92927285845
2,decid,-93.2721174693193,44.9021559284909
2,decid,-93.01766599645326,44.92825222321446
7,ag,-93.1879121490231,44.5982270878227
2,decid,-93.4953622458241,44.8357802495316
2,decid,-93.0643198952092,44.9535035760375
1,conif,-93.06158920555033,44.58811511312412
2,decid,-93.01677008934308,44.9238137771094
1,conif,-93.375583862,45.32082839660631
2,decid,-93.0163899560142,44.9238138322957
7,ag,-92.926736313282,45.1768334412312
1,conif,-93.49947993891168,45.36261476450883
2,decid,-93.4569444360869,45.16055000002189
7,ag,-94.00985549821559,44.7818871129671
2,decid,-93.0224296751187,44.8147069409669
2,decid,-92.9489636523079,45.0847579403167
6,water,-93.0152291636168,44.8465758991211
3,grass,-93.77926004120681,44.7223877364968
5,wet,-93.1305644641499,45.31747631901891
5,wet,-93.18972308169069,44.5739171238169
2,decid,-93.491348566457,44.6310842536808
2,decid,-93.8119420792362,44.621422806201
8,paved,-93.5449287190489,44.8595902780599
3,grass,-92.9207747235671,44.7938864970454
6,water,-92.9636366763646,44.7885068327424
2,decid,-93.6121491794683,44.8965185109095
3,grass,-93.41058078945811,45.4010657211744
5,wet,-93.76354349098202,44.9382763812008
3,grass,-92.7824241443225,44.9724886637876
2,decid,-93.20491190966149,44.94262981457724
1,conif,-93.0771402461166,44.5856619942825
2,decid,-93.1988294534823,45.1367164130479
2,decid,-93.0531473482405,45.2100605549433
2,decid,-92.8219945671859,44.9714769583419
8,paved,-92.8886429611523,44.7382254899072
4,fwet,-92.9836364247362,45.1420192862011
2,decid,-93.29849185090382,44.91913953416171
3,grass,-93.3753796891013,44.653400347112
3,grass,-92.7965155216995,44.6446534368826
4,fwet,-92.9699697601604,45.0080696025583
5,wet,-93.21374534269292,44.8390851318627
1,conif,-92.78759334585004,45.11109028925783
2,decid,-93.0233179108431,44.9265457905617
5,wet,-93.001569424326,45.0950313675314
2,decid,-93.06446593320723,44.94745983242624
2,decid,-93.47419877778029,44.8469427622609
2,decid,-92.8236245039711,44.5623251490484
2,decid,-93.3180719216976,45.3781374067834
1,conif,-93.00984829626508,44.90292010866097
3,grass,-92.9127532847956,44.8314199232573
2,decid,-93.4248611084449,44.5900292860479
2,decid,-93.2865864540366,44.9080619072538
7,ag,-93.9470077322734,44.8575039608087
8,paved,-92.9214243541392,45.1525254107397
4,fwet,-92.8257594680079,44.7327454567376
2,decid,-93.0822362483022,44.9821183705686
2,decid,-93.1118017500465,44.9229500999751
3,grass,-93.5304361299031,45.10028084594839
2,decid,-92.8770560600605,45.0198898905494
2,decid,-92.825187600044,45.1724023625483
2,decid,-92.8850256962911,45.0331309629474
2,decid,-93.10968652662389,44.8100653365734
2,decid,-93.581808711618,45.01496333426989
2,decid,-93.29432714968958,45.03696525431208
5,wet,-93.6436866973287,45.1345354349876
2,decid,-93.00979028869695,44.92615705146382
1,conif,-93.0749780027504,45.2516355252654
9,bldg,-93.8859684007898,44.8882409625113
3,grass,-93.45351139069741,45.40090333436151
6,water,-93.1650084736239,45.0517034828319
3,grass,-93.7676094590309,44.9009806333684
2,decid,-92.7659229482192,44.6321713859555
7,ag,-93.4088455969373,44.6775920733829
6,water,-92.7612454367426,44.9419295902534
6,water,-93.51557809016161,44.8043630855043
8,paved,-93.19676763993239,44.7578253667263
2,decid,-93.1030563203599,44.7085254778604
1,conif,-92.96469401712645,45.08504857591065
8,paved,-93.45935987560159,44.8904837153113
11,bare,-93.9871402624403,44.9173881310569
2,decid,-93.10576967179887,44.92605744275441
2,decid,-93.41438698784862,45.2398365057139
2,decid,-93.42105494321461,44.7431750832406
8,paved,-93.3811120273228,44.7198192269563
1,conif,-93.3194212787848,45.00956108091678
5,wet,-93.69897865699488,44.913033993289
7,ag,-93.91612849058781,44.9214906981451
2,decid,-92.7876290068765,45.1083365754854
2,decid,-93.1988364522184,44.5871354293659
2,decid,-93.67563831032112,44.899671357372704
5,wet,-93.5194042142062,44.8502569561132
2,decid,-93.0842548134592,45.0612435367959
2,decid,-93.8917371323903,44.8927871297175
2,decid,-92.8315475456891,44.5658481298673
5,wet,-93.6001987127747,45.025940495426
6,water,-93.4347157663584,44.9475631840679
7,ag,-93.67637517796632,44.6703793912605
3,grass,-93.3319196255753,44.9271135319226
10,ext,-93.0099062703602,44.7990448287759
6,water,-93.4934484490156,45.232771120295
4,fwet,-93.2001312551169,45.3991979778551
1,conif,-93.18789511553763,44.89941391304529
5,wet,-92.8352835377409,45.11354624538729
1,conif,-93.19780791981628,44.91383122096716
5,wet,-93.7298014009665,44.9760353059448
1,conif,-93.18948131994789,44.91048728414599
2,decid,-93.32349236259401,44.6441064975361
8,paved,-93.2238665278502,45.197161257708
2,decid,-93.1946194848959,45.3568112408332
2,decid,-93.2900392725986,44.9145346787745
2,decid,-93.14879641700321,44.6752561353331
3,grass,-92.9057593358635,45.1630455216058
2,decid,-93.8454391534672,44.9741575280523
8,paved,-93.67852891802282,44.7251912179751
2,decid,-93.0356624357688,45.3518407006852
4,fwet,-93.0908108016239,45.110658345052
2,decid,-93.0540810970556,45.3888289761864
2,decid,-93.22682140931579,45.26790768515921
2,decid,-93.3527148893156,44.7841870080947
2,decid,-93.1702494932126,44.8918207726878
2,decid,-93.22046995581213,44.91581147262757
2,decid,-93.7813973239238,44.9089889895228
9,bldg,-92.9190637232438,44.9324282883982
1,conif,-93.01174107211034,44.92847766978792
1,conif,-92.78770486438353,45.09187707557349
7,ag,-93.64210015470321,44.6168324167945
2,decid,-93.19987167070039,44.7786152745328
5,wet,-93.1486288087375,45.3460786999962
10,ext,-93.5889979536034,44.7499943725062
6,water,-93.75756055762838,45.0614625742738
5,wet,-92.907469701755,45.2853782872516
4,fwet,-93.5675510919282,44.6496362207741
2,decid,-93.8844481861216,44.8634069029554
7,ag,-93.9515624462472,44.7189214528286
2,decid,-93.2956372715305,44.9685324400587
6,water,-92.96376959845908,45.18090193288909
1,conif,-92.76736855075136,45.26212924813051
8,paved,-93.1336636933178,45.17029753513791
3,grass,-93.7079802678906,45.1195721618805
4,fwet,-93.17225073629571,45.1796975901121
5,wet,-92.82123710019212,45.21479388190961
1,conif,-92.82537202526204,44.83431140216417
2,decid,-93.4443280864086,44.9118781227806
4,fwet,-93.2384919834836,45.3151416103117
6,water,-93.0137093825189,44.8411747871191
8,paved,-93.27411366366061,44.9224058020347
2,decid,-93.69144620819462,45.0770050620633
2,decid,-93.00156732780319,45.01833571304959
2,decid,-93.1049707759089,44.929167993278
8,paved,-93.2347296257502,44.958951723752
2,decid,-93.15094529036516,44.91048258935669
2,decid,-93.61900870278849,44.7565873848526
2,decid,-93.1577446520022,45.04253185715059
2,decid,-93.0065088681879,44.9448795755241
2,decid,-93.2728133312744,44.8081717628924
2,decid,-93.4400908892286,45.0039849165924
1,conif,-93.10279745348265,45.22822920921043
3,grass,-93.0450794724427,44.6667018175205
3,grass,-93.4666511541547,44.6641369158127
2,decid,-93.24244279727944,44.91554113064058
11,bare,-92.9727607547776,44.741247302105
2,decid,-93.0091649324821,44.908151056049
2,decid,-93.15828809799194,44.93068992964876
2,decid,-92.9634221520615,45.1271617728766
2,decid,-93.2118850147253,44.9527850142563
2,decid,-93.03476496993083,44.92240274206322
1,conif,-93.0941550365542,44.8243927212141
2,decid,-93.7159533594485,44.9944869384065
2,decid,-93.3153778339014,44.9609179672129
2,decid,-93.32610016342849,44.9735806438939
2,decid,-93.14229221553505,44.91553703179536
5,wet,-92.9681922035577,44.7801360826468
2,decid,-92.8185347810631,44.9828139870028
2,decid,-93.8678625773094,44.5929236380081
2,decid,-93.9860324723135,44.852582569926
2,decid,-93.0600376182924,45.2230194223038
9,bldg,-93.50959026990739,45.1144185058062
3,grass,-93.36134113089781,45.3134688115789
8,paved,-93.15039896102638,45.14651229736959
3,grass,-93.4175129924062,45.0923778455428
2,decid,-93.281711749344,45.076860388754
10,ext,-93.2954610123353,44.7856998204128
1,conif,-93.42859462687329,45.36334565203261
2,decid,-93.0866816880969,44.9019070949262
1,conif,-93.31704593980803,44.98194462926948
3,grass,-93.05503785584831,44.7920102410644
2,decid,-93.25952623831256,44.9181495036007
3,grass,-93.297264359561,45.06250807766611
2,decid,-93.31970175821439,45.327365128371
7,ag,-93.6862429337753,44.9925088709398
1,conif,-93.3073493081624,44.97492492829993
2,decid,-93.2668828690093,45.00263062486221
1,conif,-93.0148694923535,44.9240841018043
2,decid,-92.8059385655785,45.1070188909789
2,decid,-93.2153553859897,44.9654713311551
2,decid,-93.23122338551362,45.0329547687581
11,bare,-92.7992343994411,44.8431596670797
1,conif,-92.82813375792256,45.01484287990873
7,ag,-93.4221544055406,44.6337916560229
3,grass,-93.41941326120612,45.0915607224114
2,decid,-93.3758037191035,44.8943000520759
1,conif,-93.13163350799175,44.9424283305988
7,ag,-93.5583496632551,44.676418867153
4,fwet,-93.0235617651028,44.799582962608
7,ag,-92.94551217645329,44.7042378284885
2,decid,-93.4289342459417,45.1919843721863
6,water,-92.8590502388315,44.7535867846274
2,decid,-93.2134462869877,44.5517288121559
1,conif,-93.2059079156184,45.25678149573618
4,fwet,-93.2976624415303,45.3587495122665
9,bldg,-93.25251008952709,45.11014525152081
2,decid,-93.07019244543989,45.40124200826649
4,fwet,-93.0053924793008,45.2052119302076
10,ext,-93.1818994661932,44.730572950775
1,conif,-93.1941630022757,44.97724194659895
2,decid,-93.13628061983272,44.9866576630551
6,water,-93.41584468788199,44.8620237090977
3,grass,-93.0713380145506,44.7852495263431
4,fwet,-93.7389565278102,44.6510864514726
3,grass,-93.6090077741063,44.6342984989894
2,decid,-93.4530616004762,44.6198993846037
7,ag,-93.6664657419559,44.7633420898313
11,bare,-93.01103186631072,44.7342281906945
6,water,-93.0258799547586,44.8941052410449
2,decid,-93.08711405581973,44.98333219793847
6,water,-92.9786833228146,45.12203465490481
1,conif,-93.32045557073192,44.97482257013645
2,decid,-93.0613103945374,44.92594790937221
3,grass,-93.1776032741129,44.5644838746382
2,decid,-93.0118288547765,44.9262449481518
2,decid,-93.3262097499594,44.9257796776643
2,decid,-93.1200818700742,44.8832425193804
1,conif,-93.24549241370411,44.91559486821918
2,decid,-93.4934023728587,45.0947757301342
1,conif,-93.385882772846,45.2639704528914
2,decid,-93.18026040865387,44.94291006413625
1,conif,-93.31432232134031,44.9069086900482
2,decid,-93.1260724187108,45.19028981192631
2,decid,-93.0258827410862,44.900316682388
7,ag,-93.17945234455712,44.5515172029018
5,wet,-93.11138753842718,45.297513432697
3,grass,-93.4661964194999,45.0311570884239
3,grass,-93.2701874487851,44.5702441025641
5,wet,-93.48382370250779,44.9535770798046
7,ag,-93.7108732158454,45.0760756249699
2,decid,-93.04304913148009,44.9905116771977
2,decid,-93.23146822429992,44.97021111904828
2,decid,-93.17126346748981,44.95738617183948
2,decid,-93.23834046681134,44.97624610319275
2,decid,-92.8292030079953,44.9782394412732
2,decid,-93.29266635277371,45.3555219323906
1,conif,-93.22220819426519,45.26596827357207
3,grass,-93.4896060202721,45.3637588686829
2,decid,-93.3962053611639,45.2636650650304
2,decid,-92.779917985308,44.8317813249033
9,bldg,-93.130921029371,44.6371975730954
2,decid,-93.18439534224164,44.94654327077752
2,decid,-92.90000045472841,45.18194409814979
2,decid,-92.8285862320044,44.6736039895179
2,decid,-93.31626529080305,44.95648477129406
1,conif,-93.11432744099397,44.98299998290637
1,conif,-92.84432189754091,45.22811042244526
7,ag,-93.07151280890972,44.6194252419983
5,wet,-93.09605304817349,45.27997449116999
2,decid,-93.516927879585,44.9129228942058
2,decid,-93.0239989196945,44.9389359068886
2,decid,-93.0091646750011,44.906530682788
7,ag,-93.4855892021919,44.7566924730901
5,wet,-93.81174306153721,44.552824667116
10,ext,-93.1012064928744,44.7336437400743
4,fwet,-93.5177701703092,45.2175408054977
3,grass,-93.1496770238004,44.8699744471575
2,decid,-93.00461942044177,44.97694945846597
1,conif,-93.26758585491692,44.99252754032547
1,conif,-93.08986158780114,44.93000815470364
2,decid,-93.3138813766474,44.9655131021973
2,decid,-93.15797657596349,45.2647831146954
2,decid,-93.13496428225739,44.7495429707472
2,decid,-93.01333051476855,44.91372712127053
1,conif,-93.0562083482093,44.94700765796803
2,decid,-93.889561500621,44.825558090475504
5,wet,-93.14565805514492,45.3822679580145
2,decid,-93.04607425349498,44.9662052011596
2,decid,-93.22870646082374,44.9129885571639
2,decid,-93.1141042763132,44.5486303116226
1,conif,-93.11715570450255,45.08248599135229
5,wet,-93.19324178048828,44.6095614118747
2,decid,-93.0319079230683,44.8017414739988
8,paved,-93.47847234543691,44.9503589047233
6,water,-93.7543029420803,44.6382926265922
7,ag,-93.43996364875889,45.3345263737334
3,grass,-93.70527793689511,45.02398961707501
5,wet,-93.04515645996841,45.2503009794214
11,bare,-93.43323870991341,44.852236724917
6,water,-92.7624387798005,45.02132933079031
6,water,-93.56555860219089,44.5613311405176
5,wet,-93.4434830059086,44.5537680415976
1,conif,-93.10475861531044,44.96153110430707
2,decid,-93.16978378148022,45.3771038882959
2,decid,-92.7729943753224,44.6616237861862
2,decid,-93.1592750222401,44.9075002345359
2,decid,-93.15838793778799,44.95827945484098
4,fwet,-93.19484074536868,44.5223233722834
1,conif,-93.06487726506336,44.91554244473308
3,grass,-93.06601450904331,45.1044641572626
2,decid,-93.5435344586494,44.8728300627776
2,decid,-93.1469575387051,45.14381626818051
1,conif,-93.12884950814612,45.09868814098142
1,conif,-93.15820445773325,44.96353589357357
2,decid,-93.3142514519277,44.6141539325399
3,grass,-93.2531320038954,45.078277580245
1,conif,-93.1195800822486,45.19029679396079
2,decid,-93.22522896859621,44.5708817659836
2,decid,-93.00498471815139,44.9095016257199
2,decid,-93.320776791141,44.9741358382088
1,conif,-93.24872468700147,45.36042467780555
2,decid,-92.8066456527014,44.8971852488169
1,conif,-92.84155394451642,44.89968145122118
2,decid,-93.0466504903309,44.7380001806733
2,decid,-93.6365852971997,45.1478077463908
2,decid,-93.0648552319341,45.090962162791
2,decid,-93.28392495086328,44.907798492851
2,decid,-93.3582980738019,45.3164488701985
4,fwet,-93.70705547670852,44.6723541512913
7,ag,-93.0370471639578,44.5332867624263
1,conif,-93.07063968398951,44.92094642334512
7,ag,-93.0732390441946,44.488435836825
2,decid,-93.07009555320253,44.97564568444251
2,decid,-93.3176451676688,44.9582110862474
2,decid,-93.8850432306452,44.5544407768078
2,decid,-93.09752412054837,44.95698595280336
7,ag,-93.57952553935719,44.6363424318539
1,conif,-93.32273822580801,45.3227658676226
2,decid,-93.11995831094669,44.94033813187882
2,decid,-93.82444265349731,44.5694785438387
7,ag,-93.97507504024972,44.9231630795984
2,decid,-93.3820371574655,45.2607428362021
2,decid,-93.0063170379215,44.90787022517762
7,ag,-93.52904087703722,44.6584634747734
2,decid,-93.43345706252609,44.9319044509006
2,decid,-93.0973447294538,44.690165587052
5,wet,-93.3497360937291,44.7304523810058
9,bldg,-93.3126920812786,45.2361095040403
7,ag,-93.8189606557001,44.6902415054688
1,conif,-92.91142528240533,45.28619905842237
2,decid,-93.19001350191196,44.92133625687981
1,conif,-93.06943792753802,44.9508992464799
5,wet,-93.4272642043541,44.7115537529049
2,decid,-92.75299926874402,44.6472683610623
1,conif,-93.29769592679818,45.04314225668632
3,grass,-93.2001798447498,44.8677365799737
3,grass,-93.69319409929199,44.8744502783278
2,decid,-92.9810945980917,44.7496211526771
2,decid,-93.22867172138929,44.9659855633538
1,conif,-92.78931910542563,45.24723161701483
2,decid,-93.0050170797089,45.2802848147481
1,conif,-93.32377529701522,44.97145651492343
2,decid,-93.7094112474076,44.9577997556079
6,water,-93.51569503790472,45.2415843756026
2,decid,-93.3082406916682,45.0487061664362
1,conif,-93.17797334170464,44.92826887887927
2,decid,-93.3188315155344,44.5528336405547
7,ag,-93.1884158761746,44.6371171943512
9,bldg,-93.1879457586797,45.1918250457519
1,conif,-93.26667139642097,45.03025034804439
5,wet,-93.70170628146839,44.6054086251227
2,decid,-93.0327475037779,44.9446050055512
2,decid,-93.3135730735201,44.9787468463007
1,conif,-93.17773037208096,44.89693220343929
2,decid,-93.13361490581691,44.9858506375058
3,grass,-93.01340540851399,45.1663242160055
3,grass,-93.2103154465054,45.1474978821265
5,wet,-92.93402878716302,45.1438917621323
2,decid,-93.2410652255335,44.5630171670914
3,grass,-93.2634674980387,45.33615003482879
1,conif,-92.91526738486989,44.928644679334
5,wet,-94.00648609828748,44.9369337201819
3,grass,-93.2788189360066,45.10900384293269
2,decid,-93.3235512077363,44.7226975136344
4,fwet,-93.2066896954499,45.2001641667086
5,wet,-93.0585321349181,45.2454340791354
2,decid,-93.2526725749133,44.8003861534219
1,conif,-93.09787641623122,44.93210119260822
2,decid,-93.00004436311681,45.1066436583688
2,decid,-93.00728301031816,44.9174922234203
1,conif,-93.01585011927484,44.97921091010094
1,conif,-93.55355319910478,45.16019419583093
2,decid,-93.3030694465661,44.9350255076555
1,conif,-93.18258007899178,44.89702076641677
2,decid,-93.12774646615236,44.97577268807411
7,ag,-93.0314111451049,44.5848734928894
3,grass,-93.3837131413582,44.9409944248678
5,wet,-93.4608105262954,44.5477577069689
2,decid,-93.1931131060234,44.7986119226115
2,decid,-93.22981510409139,44.9665233870785
2,decid,-92.9530537300582,44.7442116719317
3,grass,-93.2828531348686,45.30774920427351
2,decid,-93.3921314194616,45.3938394959521
3,grass,-93.145466930005,44.7060486887594
2,decid,-93.2386583205288,45.2635628412015
3,grass,-92.808757021748,44.9479603628399
7,ag,-92.81672855830578,44.8329265918873
4,fwet,-93.3255151654968,45.3397706411075
2,decid,-93.03732632793738,44.9686389295421
1,conif,-93.22739330742164,44.98711980437602
2,decid,-92.75326880037461,44.6729259661242
1,conif,-92.8016586627078,45.0214041778946
2,decid,-93.14854324676472,45.01958940691921
11,bare,-93.3841655541027,44.7233199189681
2,decid,-93.19810135065636,44.98608106520584
1,conif,-92.96395115516208,44.70184539225234
2,decid,-93.5572795124692,45.0375003582713
6,water,-93.6433182107654,45.03380742964151
2,decid,-93.70586765722031,44.6680403278274
3,grass,-93.1402061045609,45.1916235796861
2,decid,-92.79909449550549,44.8833990010562
2,decid,-93.89036078014651,44.581137145705
6,water,-93.03303928837529,44.7901282496442
2,decid,-93.4398738255174,44.626162677005
2,decid,-93.04106001421509,45.40125619563489
11,bare,-92.7854607127618,44.9743848219341
1,conif,-93.03262522897978,45.3982884891387
1,conif,-93.0024569110272,44.96880419215535
2,decid,-93.45082832375418,44.5756156296291
6,water,-92.97123470125452,44.7620422876796
3,grass,-92.99125212267681,45.2459888346031
2,decid,-93.017916702100493,44.9437981137863
2,decid,-93.25997643170253,44.92479049101797
4,fwet,-93.0470370117422,45.2127637126016
1,conif,-93.00987706161337,44.97677766199193
2,decid,-93.14472887891841,44.94105291732983
5,wet,-93.1463304258666,45.3458116262635
3,grass,-93.69877631672249,44.7707108826101
2,decid,-93.04455406448169,44.9680962199435
2,decid,-93.21123157321148,44.9604259294611
1,conif,-93.03246830786793,44.94618269599528
7,ag,-92.83754336760369,44.5834118853301
1,conif,-92.7877268612494,45.28065425351821
5,wet,-93.0855297053941,45.1495498576376
2,decid,-93.06325757623969,45.0250696246519
1,conif,-93.42210426137291,45.36766352895796
2,decid,-92.8484311684489,45.1894486754147
3,grass,-92.7990462313187,44.7880657586812
1,conif,-93.31940372602222,45.05141632729648
5,wet,-93.80636317256739,44.7373235194838
1,conif,-93.19560702896564,45.2988404637572
3,grass,-93.5325882912379,45.0856879453
2,decid,-93.0076496493432,44.9446094443736
2,decid,-92.93475294857801,44.8427773637595
10,ext,-93.4179612077932,45.1015580156007
3,grass,-93.6782915816812,45.12488334029379
2,decid,-93.3098449231035,44.7097721017252
5,wet,-92.8782611045111,45.16977076899969
8,paved,-93.1987085006427,45.1018798959322
7,ag,-93.06233260989238,44.5213922306371
2,decid,-93.0853295872696,45.2710715298279
2,decid,-93.3104635762391,44.966602682187
2,decid,-93.37519929255441,45.325576049669
7,ag,-93.61925237207248,44.8502993173231
2,decid,-93.6529371268904,44.874687540886
1,conif,-92.94987580195311,44.7163072986616
2,decid,-93.0406739800773,45.3974757898568
2,decid,-93.52902341981381,44.9884843370871
2,decid,-93.07994113143612,44.9734781164004
1,conif,-92.86721865136745,44.87514561618327
2,decid,-93.13033256326239,44.5432113588249
3,grass,-92.79003023097849,44.9733130782978
3,grass,-93.26075141260502,45.32832504787891
5,wet,-93.26139412971251,45.3015893333606
2,decid,-92.9924111660809,45.1541724914536
7,ag,-93.0114063501291,44.7118122636757
1,conif,-93.08902335909292,44.6953037521295
2,decid,-93.08965780992601,45.10498814944221
3,grass,-92.83847660560119,44.7919092810168
2,decid,-93.03858545534926,44.95233572864846
5,wet,-93.6156460057246,45.0104650213684
5,wet,-93.2223152981214,45.38700519184999
2,decid,-93.19812095518509,44.9317449983987
2,decid,-93.4287559611945,44.9643294270569
2,decid,-93.6126248030957,44.6904544707749
9,bldg,-93.1810296584644,44.9371745874247
